,prices,locations,other
0,R$ 80.000,Campo Grande,2quartos2banheiros1vaga67m²
1,R$ 130.000,Boa Vista,"1quarto1banheiro 58,40m²"
2,R$ 130.000,Linha do Tiro,2quartos1banheiro 1vaga65m²
3,R$ 132.000R$ 630/ano,Várzea,2quartos1banheiro 1vaga50m²
4,R$ 140.000,Tejipió,2quartos1banheiro 80vagas41m²
5,R$ 145.000R$ 720/ano,Várzea,2quartos1banheiro 1vaga50m²
6,R$ 150.000,Imbiribeira,3quartos1suíte2banheiros1vaga80m²
7,R$ 150.000,Campo Grande,2quartos2banheiros1vaga74m²
8,R$ 150.000,Várzea,2quartos1banheiro 1vaga68m²
9,R$ 150.000,Areias,2quartos1suíte1banheiro 1vaga70m²
10,R$ 160.000,Derby,1quarto1banheiro 2vagas25m²
11,R$ 160.000,Boa Vista,2quartos1suíte2banheiros100m²
12,R$ 160.000,Cordeiro,2quartos2banheiros1vaga64m²
13,R$ 168.000,Soledade,1quarto1banheiro 1vaga25m²
14,R$ 170.000,Rosarinho,2quartos1banheiro 1vaga55m²
15,R$ 170.000,Cordeiro,2quartos1suíte2banheiros1vaga75m²
16,R$ 170.000,Morro da Conceição,2quartos1banheiro 1vaga52m²
17,R$ 170.000,Rosarinho,3quartos1suíte1banheiro 1vaga73m²
18,Preço de vendaSob consultaR$ 1.450/mês,Várzea,2quartos1suíte2banheiros1vaga70m²
19,R$ 174.000,Parnamirim,1quarto1banheiro 1vaga34m²
20,R$ 180.000,Aflitos,2quartos2banheiros1vaga80m²
21,R$ 180.000,Imbiribeira,3quartos1suíte1banheiro 1vaga100m²
22,R$ 180.000,Imbiribeira,3quartos1suíte1banheiro 1vaga100m²
23,R$ 180.000,Água Fria,"2quartos1suíte2banheiros1vaga45,66m²"
24,R$ 180.000,Rosarinho,1quarto1banheiro 1vaga34m²
25,R$ 182.000,Várzea,3quartos2banheiros1vaga65m²
26,R$ 186.000,Soledade,"1quarto1banheiro 1vaga28,11m²"
27,R$ 190.000,Aflitos,3quartos2banheiros95m²
28,R$ 190.000,Rosarinho,"1quarto1banheiro 1vaga33,40m²"
29,R$ 190.000,Várzea,3quartos1suíte2banheiros1vaga78m²
30,R$ 190.000,Tejipió,2quartos2banheiros1vaga56m²
31,R$ 190.000,Tamarineira,1quarto1banheiro 1vaga34m²
32,R$ 190.000Preço de locaçãoSob consulta,Iputinga,3quartos2banheiros1vaga77m²
33,R$ 190.000R$ 1.300/mês,Tamarineira,3quartos2banheiros1vaga75m²
34,R$ 195.000,Campo Grande,3quartos1suíte2banheiros1vaga78m²
35,R$ 195.000,Boa Viagem,1quarto1banheiro 1vaga30m²
36,R$ 198.990,Tamarineira,2quartos1banheiro 1vaga61m²
37,R$ 199.000,Iputinga,"1quarto1banheiro 1vaga38,82m²"
38,R$ 199.000,Tamarineira,2quartos1banheiro 1vaga61m²
39,R$ 199.000,Boa Vista,"1quarto1banheiro 1vaga39,75m²"
40,R$ 199.000,Boa Viagem,1quarto1suíte1banheiro 1vaga23m²
41,R$ 199.990,Boa Viagem,1quarto1suíte1banheiro 1vaga23m²
42,R$ 200.000,Boa Viagem,"2quartos1suíte1banheiro 1vaga52,62m²"
43,R$ 200.000,Boa Viagem,1quarto1banheiro 1vaga30m²
44,R$ 200.000,Encruzilhada,2quartos2banheiros1vaga85m²
45,R$ 200.000,Boa Vista,2quartos1suíte1banheiro 100m²
46,R$ 200.000,Cordeiro,3quartos2banheiros1vaga75m²
47,R$ 200.000,Boa Viagem,"1quarto1banheiro 27,49m²"
48,R$ 200.000,Campo Grande,1quarto1banheiro 1vaga39m²
49,R$ 200.000,Imbiribeira,2quartos2banheiros1vaga60m²
50,R$ 200.000,San Martin,4quartos2banheiros1vaga94m²
51,R$ 200.000,Aflitos,3quartos3banheiros1vaga70m²
52,R$ 200.000,Boa Viagem,"1quarto1banheiro 1vaga18,53m²"
53,R$ 200.000,Imbiribeira,2quartos1suíte1banheiro 1vaga70m²
54,R$ 200.000R$ 1.450/mês,Campo Grande,1quarto1banheiro 39m²
55,R$ 200.000R$ 1.500/ano,Casa Forte,2quartos1banheiro 1vaga60m²
56,R$ 208.990,Campo Grande,3quartos2banheiros78m²
57,R$ 209.000,Campo Grande,3quartos2banheiros78m²
58,R$ 210.000,Graças,"1quarto1banheiro 1vaga35,71m²"
59,R$ 210.000,Boa Vista,3quartos2banheiros1vaga82m²
60,R$ 214.999,Iputinga,"2quartos1suíte2banheiros1vaga42,36m²"
61,R$ 214.999,Iputinga,"2quartos1suíte2banheiros1vaga42,36m²"
62,R$ 215.000,Campo Grande,2quartos1banheiro 1vaga47m²
63,R$ 215.000,Várzea,2quartos1suíte1banheiro 1vaga53m²
64,R$ 220.000,Casa Amarela,3quartos1banheiro 1vaga78m²
65,R$ 220.000,Rosarinho,3quartos1suíte2banheiros1vaga73m²
66,R$ 220.000,Rosarinho,3quartos1suíte1banheiro 1vaga75m²
67,R$ 220.000,Encruzilhada,3quartos2banheiros1vaga80m²
68,R$ 220.000,Rosarinho,4quartos1suíte2banheiros1vaga93m²
69,R$ 220.000,Imbiribeira,3quartos1suíte1banheiro 1vaga97m²
70,R$ 220.000,Campo Grande,2quartos1suíte2banheiros1vaga55m²
71,R$ 220.000,Boa Viagem,1quarto1suíte1banheiro 1vaga18m²
72,R$ 225.000,Torre,3quartos1suíte2banheiros1vaga78m²
73,R$ 225.000,Torre,2quartos1banheiro 1vaga56m²
74,R$ 225.000R$ 1.500/mês,Boa Viagem,1quarto1banheiro 1vaga29m²
75,R$ 225.000R$ 1.500/mês,Boa Viagem,1quarto1banheiro 1vaga29m²
76,R$ 225.217,Boa Viagem,1quarto1banheiro 24m²
77,R$ 225.217,Boa Viagem,"1quarto1banheiro 1vaga24,45m²"
78,R$ 230.000,Boa Viagem,1quarto1banheiro 1vaga63m²
79,R$ 230.000,Boa Viagem,3quartos2banheiros2vagas94m²
80,R$ 230.000,Torre,"3quartos1suíte1banheiro 2vagas71,02m²"
81,R$ 230.000,Imbiribeira,2quartos1banheiro 1vaga45m²
82,R$ 230.000,Madalena,3quartos1suíte2banheiros1vaga69m²
83,R$ 230.000,Janga,3quartos1suíte3banheiros2vagas120m²
84,R$ 230.000R$ 850/mês,Encruzilhada,"3quartos1banheiro 1vaga72,03m²"
85,R$ 230.000R$ 1.200/mês,Casa Amarela,1quarto1banheiro 1vaga40m²
86,R$ 230.000R$ 1.205/mês,Boa Viagem,"1quarto1banheiro 1vaga35,67m²"
87,R$ 230.284,Boa Viagem,1quarto1banheiro 1vaga25m²
88,R$ 235.000,Iputinga,2quartos1suíte1banheiro 1vaga44m²
89,R$ 235.000,Boa Viagem,"1quarto1suíte1banheiro 1vaga30,16m²"
90,R$ 235.000,Torre,3quartos1suíte1banheiro 1vaga69m²
91,R$ 235.000,Iputinga,2quartos1suíte1banheiro 1vaga42m²
92,R$ 235.000R$ 1.010/mês,Boa Viagem,1quarto1banheiro 1vaga48m²
93,R$ 235.000R$ 1.200/mês,Casa Amarela,1quarto1banheiro 1vaga44m²
94,R$ 240.000,Encruzilhada,3quartos1banheiro 1vaga76m²
95,R$ 240.000,Boa Viagem,1quarto1suíte1banheiro 1vaga30m²
96,R$ 240.000,Arruda,2quartos1banheiro 1vaga59m²
97,R$ 240.000,Madalena,1quarto1banheiro 1vaga35m²
98,R$ 240.000,Encruzilhada,2quartos1suíte1banheiro 1vaga82m²
99,R$ 240.000,Iputinga,2quartos1banheiro 1vaga60m²
100,R$ 240.000,Iputinga,"2quartos1suíte2banheiros1vaga42,36m²"
101,R$ 240.000,Iputinga,2quartos1suíte1banheiro 1vaga45m²
102,R$ 240.000,Arruda,3quartos1suíte2banheiros1vaga70m²
103,R$ 243.657,Iputinga,3quartos1banheiro 1vaga60m²
104,R$ 244.340,Boa Vista,"2quartos1suíte2banheiros1vaga56,44m²"
105,R$ 245.000,Iputinga,2quartos1suíte1banheiro 1vaga42m²
106,R$ 245.000,Campo Grande,2quartos1suíte3banheiros1vaga78m²
107,R$ 245.000,Tamarineira,2quartos1suíte2banheiros1vaga52m²
108,R$ 245.000,Aflitos,"1quarto1banheiro 1vaga31,94m²"
109,R$ 248.854,São José,1quarto1suíte1banheiro 1vaga33m²
110,R$ 249.000,Aflitos,2quartos1suíte1banheiro 1vaga62m²
111,R$ 250.000,Boa Viagem,"1quarto1suíte1banheiro 1vaga23,35m²"
112,R$ 250.000,Boa Viagem,1quarto1banheiro 1vaga28m²
113,R$ 250.000,Cordeiro,3quartos2banheiros2vagas71m²
114,R$ 250.000,Boa Viagem,1quarto1banheiro 1vaga35m²
115,R$ 250.000,Cordeiro,2quartos1suíte2banheiros1vaga65m²
116,R$ 250.000,Encruzilhada,3quartos2banheiros1vaga77m²
117,R$ 250.000,Boa Viagem,1quarto1banheiro 1vaga28m²
118,R$ 250.000,Boa Viagem,1quarto1banheiro 1vaga35m²
119,R$ 250.000,Casa Amarela,2quartos1banheiro 1vaga50m²
120,R$ 250.000,Boa Vista,1quarto1banheiro 1vaga35m²
121,R$ 250.000,Torre,3quartos1suíte1banheiro 1vaga80m²
122,R$ 250.000,Espinheiro,3quartos1suíte1banheiro 105m²
123,R$ 250.000,Jardim São Paulo,3quartos1suíte2banheiros1vaga60m²
124,R$ 250.000,Boa Viagem,1quarto1banheiro 32m²
125,R$ 250.000,Torre,3quartos2banheiros1vaga63m²
126,R$ 250.000,Casa Amarela,2quartos1banheiro 1vaga50m²
127,R$ 250.000,Várzea,"2quartos1banheiro 1vaga47,45m²"
128,R$ 250.000,Tamarineira,3quartos2banheiros1vaga76m²
129,R$ 250.000,Boa Vista,3quartos2banheiros1vaga90m²
130,R$ 250.000,Parnamirim,2quartos1banheiro 1vaga48m²
131,R$ 250.000,Pina,1quarto1suíte1banheiro 38m²
132,R$ 250.000,Aflitos,1quarto1banheiro 1vaga33m²
133,R$ 250.000,Boa Viagem,2quartos1banheiro 1vaga40m²
134,R$ 250.000,Madalena,1quarto1suíte1banheiro 1vaga32m²
135,R$ 250.000,Graças,3quartos1suíte3banheiros94m²
136,R$ 250.000R$ 1.100/mês,Boa Viagem,1quarto1banheiro 1vaga35m²
137,R$ 255.000,Graças,"1quarto1banheiro 1vaga33,13m²"
138,R$ 255.000,Graças,"1quarto1banheiro 1vaga32,69m²"
139,R$ 255.000,Torre,2quartos2banheiros1vaga72m²
140,R$ 255.000Preço de locaçãoSob consulta,Boa Viagem,1quarto1banheiro 1vaga49m²
141,R$ 255.000R$ 1.950/mês,Madalena,3quartos1suíte1banheiro 1vaga105m²
142,R$ 256.000,Soledade,"1quarto1banheiro 1vaga31,40m²"
143,R$ 256.000,Boa Vista,"2quartos1banheiro 1vaga41,26m²"
144,R$ 256.000,Derby,"2quartos1banheiro 1vaga41,51m²"
145,R$ 257.000,Boa Viagem,"1quarto1banheiro 1vaga31,89m²"
146,R$ 259.000,Rosarinho,1quarto1banheiro 1vaga36m²
147,R$ 259.900,Campo Grande,"2quartos1suíte1banheiro 1vaga46,93m²"
148,R$ 260.000,Casa Amarela,3quartos2banheiros1vaga75m²
149,R$ 260.000,Espinheiro,2quartos2banheiros1vaga67m²
150,R$ 260.000,Torre,3quartos1suíte2banheiros1vaga81m²
151,R$ 260.000,Encruzilhada,2quartos1suíte3banheiros1vaga109m²
152,R$ 260.000,Jardim São Paulo,3quartos1suíte2banheiros1vaga72m²
153,R$ 260.000,Boa Viagem,3quartos1suíte3banheiros1vaga130m²
154,R$ 260.000,Torre,2quartos1suíte2banheiros1vaga73m²
155,R$ 260.000,Espinheiro,3quartos3banheiros1vaga85m²
156,R$ 260.000,Boa Viagem,1quarto1banheiro 1vaga25m²
157,R$ 260.000,Jardim São Paulo,3quartos1suíte1banheiro 1vaga72m²
158,R$ 260.000,Torre,2quartos1suíte2banheiros1vaga73m²
159,R$ 260.000,Madalena,3quartos1suíte3banheiros1vaga76m²
160,R$ 260.000,Prado,2quartos1banheiro 1vaga75m²
161,R$ 260.000,Torre,2quartos1suíte1vaga43m²
162,R$ 260.000,Caxangá,2quartos1suíte1banheiro 1vaga55m²
163,R$ 260.865,Boa Viagem,"1quarto1banheiro 1vaga28,32m²"
164,R$ 261.500,Rosarinho,"1quarto1banheiro 1vaga32,58m²"
165,R$ 264.000,Graças,1quarto1banheiro 1vaga36m²
166,R$ 264.113,São José,"1quarto1banheiro 1vaga33,73m²"
167,R$ 265.000,Parnamirim,1quarto1banheiro 1vaga42m²
168,R$ 265.000,Boa Viagem,2quartos1banheiro 1vaga68m²
169,R$ 265.000,Boa Viagem,2quartos1suíte1banheiro 1vaga52m²
170,R$ 265.000,Boa Vista,3quartos2banheiros110m²
171,R$ 265.000,Soledade,1quarto1banheiro 1vaga32m²
172,R$ 265.000,Boa Vista,3quartos2banheiros110m²
173,R$ 267.650,Rosarinho,"1quarto1banheiro 1vaga32,58m²"
174,R$ 268.713,Rosarinho,2quartos1suíte1banheiro 1vaga50m²
175,R$ 268.713,Rosarinho,2quartos1suíte1banheiro 1vaga50m²
176,R$ 269.000,Imbiribeira,"2quartos1suíte2banheiros1vaga53,25m²"
177,R$ 269.000,Madalena,2quartos1suíte2banheiros1vaga43m²
178,R$ 269.000,Torre,2quartos1suíte2banheiros1vaga43m²
179,R$ 269.990,Tamarineira,"3quartos1suíte2banheiros1vaga58,15m²"
180,R$ 270.000,Encruzilhada,3quartos1suíte2banheiros1vaga67m²
181,R$ 270.000,Torre,"1quarto1banheiro 1vaga40,31m²"
182,R$ 270.000,Campo Grande,3quartos1suíte3banheiros1vaga72m²
183,R$ 270.000,Santo Amaro,3quartos1suíte2banheiros1vaga120m²
184,R$ 270.000,Torre,"1quarto1banheiro 1vaga40,31m²"
185,R$ 270.000,Torre,"1quarto1banheiro 1vaga40,31m²"
186,R$ 270.000,Campo Grande,2quartos1suíte2banheiros1vaga50m²
187,R$ 270.000,Rosarinho,1quarto1banheiro 1vaga33m²
188,R$ 270.000,Apipucos,"2quartos1suíte1banheiro 1vaga58,23m²"
189,R$ 270.000,Torre,3quartos2banheiros1vaga63m²
190,R$ 270.000,Madalena,2quartos1suíte3banheiros1vaga112m²
191,R$ 270.000R$ 650/mês,Graças,3quartos1suíte3banheiros1vaga80m²
192,R$ 270.000R$ 1.600/mês,Casa Amarela,"2quartos1suíte1banheiro 1vaga49,76m²"
193,R$ 270.000R$ 1.700/mês,Boa Viagem,"1quarto1banheiro 1vaga35,44m²"
194,Preço de vendaSob consultaR$ 1.750/mês,Jaqueira,2quartos1suíte3banheiros1vaga79m²
195,R$ 270.000Preço de locaçãoSob consulta,Boa Viagem,1quarto1banheiro 1vaga32m²
196,R$ 270.475,Campo Grande,2quartos1suíte1banheiro 1vaga55m²
197,R$ 271.900,Torre,2quartos1suíte2banheiros1vaga43m²
198,R$ 271.900,Madalena,2quartos1suíte2banheiros1vaga43m²
199,R$ 272.323,Casa Amarela,"2quartos1suíte1banheiro 1vaga41,70m²"
200,R$ 273.000,Graças,2quartos2banheiros1vaga63m²
201,R$ 273.723,Casa Amarela,"2quartos1suíte1banheiro 1vaga41,70m²"
202,R$ 274.000,Boa Vista,2quartos1suíte2banheiros1vaga52m²
203,R$ 275.000,Santo Amaro,"2quartos1suíte2banheiros1vaga57,07m²"
204,R$ 275.000,Boa Viagem,1quarto1banheiro 1vaga35m²
205,R$ 275.000,Prado,2quartos1suíte2banheiros1vaga58m²
206,R$ 275.000,Madalena,2quartos1banheiro 1vaga44m²
207,R$ 275.000,Encruzilhada,2quartos2banheiros1vaga60m²
208,R$ 276.680,Rosarinho,"1quarto1banheiro 1vaga32,58m²"
209,R$ 277.936,Várzea,2quartos1suíte2banheiros1vaga53m²
210,R$ 278.000,Espinheiro,"1quarto1banheiro 1vaga34,04m²"
211,R$ 278.005,Casa Amarela,"2quartos1suíte1banheiro 1vaga41,70m²"
212,R$ 279.000,Santo Amaro,"2quartos1suíte2banheiros1vaga57,07m²"
213,R$ 279.480,Aflitos,"1quarto1banheiro 1vaga28,51m²"
214,R$ 280.000,Madalena,3quartos1suíte3banheiros1vaga85m²
215,R$ 280.000,Boa Viagem,1quarto1banheiro 1vaga52m²
216,R$ 280.000,Várzea,"2quartos1banheiro 2vagas47,45m²"
217,R$ 280.000,Encruzilhada,3quartos1suíte2banheiros1vaga75m²
218,R$ 280.000,Jardim São Paulo,3quartos1suíte1banheiro 1vaga72m²
219,R$ 280.000,Iputinga,3quartos2suítes1banheiro 1vaga78m²
220,R$ 280.000,Cordeiro,3quartos2banheiros1vaga92m²
221,R$ 280.000,Prado,3quartos2banheiros1vaga75m²
222,R$ 280.000,Boa Viagem,1quarto1suíte1banheiro 1vaga30m²
223,R$ 280.000,Boa Viagem,3quartos1suíte2banheiros1vaga80m²
224,R$ 280.000,Casa Amarela,2quartos1suíte2banheiros1vaga84m²
225,R$ 280.000,Água Fria,3quartos1suíte3banheiros1vaga70m²
226,R$ 280.000,Madalena,2quartos1suíte2banheiros1vaga54m²
227,R$ 280.000,Graças,3quartos1suíte3banheiros1vaga80m²
228,R$ 280.000,Apipucos,"2quartos1suíte1banheiro 1vaga58,23m²"
229,R$ 280.000R$ 1.300/mês,Boa Viagem,3quartos1suíte3banheiros1vaga130m²
230,R$ 280.000R$ 1.800/mês,Madalena,2quartos1suíte2banheiros1vaga54m²
231,R$ 280.300,Santo Amaro,"2quartos1suíte2banheiros1vaga57,39m²"
232,R$ 282.500,Tamarineira,1quarto1banheiro 1vaga34m²
233,R$ 284.210,Pina,"1quarto1suíte1banheiro 1vaga35,75m²"
234,R$ 285.000,Caxangá,"2quartos1suíte1banheiro 1vaga52,53m²"
235,R$ 285.000,Torre,2quartos1suíte1banheiro 1vaga62m²
236,R$ 285.000,Tejipió,2quartos1suíte1banheiro 1vaga56m²
237,R$ 285.172,Pina,"1quarto1suíte1banheiro 1vaga35,75m²"
238,R$ 288.707,Pina,1quarto1suíte1banheiro 1vaga36m²
239,R$ 289.900,Madalena,2quartos1suíte2banheiros1vaga43m²
240,R$ 289.900,Torre,2quartos1suíte2banheiros1vaga43m²
241,R$ 290.000,Aflitos,2quartos1suíte1banheiro 1vaga95m²
242,R$ 290.000,Encruzilhada,2quartos2banheiros1vaga65m²
243,R$ 290.000,Torre,2quartos2banheiros1vaga94m²
244,R$ 290.000,Rosarinho,2quartos1suíte1banheiro 1vaga60m²
245,R$ 290.000,Boa Viagem,1quarto1banheiro 1vaga35m²
246,R$ 290.000,Casa Amarela,3quartos2banheiros1vaga75m²
247,R$ 290.000,Encruzilhada,2quartos2banheiros1vaga65m²
248,R$ 290.000,Pina,2quartos1banheiro 1vaga36m²
249,R$ 290.000,Boa Vista,3quartos1banheiro 1vaga94m²
250,R$ 290.000,Torre,2quartos1suíte3banheiros1vaga70m²
251,R$ 290.000,Boa Viagem,3quartos1suíte1banheiro 1vaga110m²
252,R$ 290.000,Casa Forte,2quartos1suíte2banheiros1vaga51m²
253,R$ 290.000,Aflitos,2quartos1suíte1banheiro 1vaga95m²
254,R$ 290.000,Espinheiro,3quartos1suíte3banheiros1vaga107m²
255,R$ 290.000,Torre,3quartos1suíte2banheiros1vaga70m²
256,R$ 290.000,Boa Viagem,1quarto1banheiro 1vaga34m²
257,R$ 290.000Preço de locaçãoSob consulta,Encruzilhada,3quartos1suíte3banheiros1vaga92m²
258,R$ 290.000R$ 1.100/mês,Encruzilhada,2quartos2banheiros1vaga65m²
259,R$ 291.000,Soledade,1quarto1banheiro 1vaga32m²
260,R$ 293.099,Casa Amarela,"2quartos1suíte1banheiro 1vaga41,70m²"
261,R$ 293.900,Madalena,2quartos1suíte2banheiros1vaga43m²
262,R$ 293.900,Torre,2quartos1suíte2banheiros1vaga43m²
263,R$ 295.000,Campo Grande,2quartos1suíte1banheiro 1vaga58m²
264,R$ 295.000,Parnamirim,2quartos1suíte2banheiros1vaga63m²
265,R$ 295.000,Madalena,3quartos1suíte2banheiros1vaga79m²
266,R$ 295.000,Madalena,3quartos1suíte2banheiros1vaga70m²
267,R$ 295.000R$ 1.200/mês,Madalena,"2quartos1suíte2banheiros1vaga51,35m²"
268,R$ 296.000,Encruzilhada,3quartos1suíte1banheiro 1vaga60m²
269,R$ 296.863,Encruzilhada,"2quartos1suíte2banheiros1vaga55,32m²"
270,R$ 297.000,Torre,3quartos3banheiros1vaga106m²
271,R$ 299.000,Soledade,"2quartos1suíte2banheiros1vaga59,56m²"
272,R$ 299.000,Casa Amarela,"2quartos1suíte1banheiro 1vaga50,54m²"
273,R$ 299.567,Casa Amarela,"2quartos1suíte1banheiro 1vaga41,70m²"
274,R$ 299.990,Torre,2quartos1suíte2banheiros1vaga44m²
275,R$ 299.999,Torre,2quartos1suíte2banheiros1vaga45m²
276,R$ 299.999,Torre,2quartos1suíte2banheiros1vaga45m²
277,R$ 300.000,Boa Vista,3quartos2banheiros1vaga126m²
278,R$ 300.000,Pina,2quartos1banheiro 36m²
279,R$ 300.000,Casa Amarela,"2quartos1suíte2banheiros1vaga58,43m²"
280,R$ 300.000,Torre,"2quartos1suíte2banheiros1vaga67,37m²"
281,R$ 300.000,Boa Vista,"2quartos1suíte1banheiro 1vaga57,50m²"
282,R$ 300.000,Boa Viagem,3quartos1suíte2banheiros1vaga127m²
283,R$ 300.000,Madalena,3quartos1suíte2banheiros1vaga67m²
284,R$ 300.000,Boa Viagem,1quarto1banheiro 1vaga52m²
285,R$ 300.000,Madalena,"2quartos1suíte2banheiros1vaga51,35m²"
286,R$ 300.000,Boa Vista,3quartos2banheiros2vagas74m²
287,R$ 300.000,Casa Forte,2quartos2banheiros1vaga80m²
288,R$ 300.000,Várzea,3quartos1suíte2banheiros1vaga73m²
289,R$ 300.000,Torre,"3quartos2suítes1banheiro 1vaga145,60m²"
290,R$ 300.000,Boa Viagem,2quartos1suíte2banheiros1vaga50m²
291,R$ 300.000,Casa Forte,2quartos1suíte2banheiros1vaga51m²
292,R$ 300.000,Pina,1quarto1banheiro 1vaga42m²
293,Preço de vendaSob consultaR$ 1.000/mês,Boa Viagem,2quartos1banheiro 1vaga65m²
294,Preço de vendaSob consultaR$ 1.250/mês,Boa Viagem,2quartos1banheiro 1vaga65m²
295,R$ 300.000R$ 1.700/mês,Boa Viagem,1quarto1banheiro 1vaga40m²
296,R$ 300.000R$ 2.500/mês,Boa Viagem,2quartos1banheiro 1vaga73m²
297,R$ 302.500,Torre,"2quartos1suíte1vaga50,22m²"
298,R$ 302.671,Casa Amarela,"2quartos1suíte1banheiro 1vaga41,70m²"
299,R$ 303.900,Madalena,2quartos1suíte2banheiros1vaga43m²
300,R$ 303.900,Torre,1quarto2banheiros1vaga43m²
301,R$ 305.000,Imbiribeira,"3quartos2banheiros1vaga63,06m²"
302,R$ 308.851,Casa Amarela,2quartos1suíte1banheiro 1vaga42m²
303,R$ 309.000,Casa Amarela,"3quartos1suíte2banheiros1vaga60,72m²"
304,R$ 310.000,Parnamirim,2quartos1suíte3banheiros1vaga74m²
305,R$ 310.000,Encruzilhada,"2quartos1suíte1banheiro 1vaga45,27m²"
306,R$ 310.000R$ 1.250/mês,Casa Amarela,1quarto1suíte2banheiros1vaga47m²
307,R$ 311.900,Várzea,2quartos1suíte2banheiros1vaga53m²
308,R$ 312.500,Boa Viagem,2quartos1suíte2banheiros1vaga47m²
309,R$ 312.900,Torre,2quartos1suíte2banheiros1vaga43m²
310,R$ 312.900,Madalena,2quartos1suíte2banheiros1vaga43m²
311,R$ 315.000,Boa Vista,2quartos2banheiros100m²
312,R$ 315.000,Casa Amarela,3quartos2banheiros1vaga88m²
313,R$ 315.000,Iputinga,3quartos1suíte1banheiro 2vagas100m²
314,R$ 315.000,Casa Amarela,3quartos1suíte1banheiro 1vaga60m²
315,R$ 315.000,Casa Amarela,"2quartos1suíte2banheiros1vaga47,17m²"
316,R$ 315.000,Encruzilhada,3quartos1suíte2banheiros64m²
317,R$ 315.000,Boa Viagem,2quartos1suíte2banheiros1vaga62m²
318,R$ 315.000,Espinheiro,3quartos1suíte2banheiros1vaga65m²
319,R$ 315.000,Espinheiro,3quartos1suíte2banheiros1vaga65m²
320,R$ 317.000,Caxangá,"2quartos1suíte1banheiro 1vaga52,53m²"
321,R$ 319.000,Imbiribeira,"2quartos1suíte2banheiros1vaga53,25m²"
322,R$ 320.000,Cordeiro,3quartos1suíte2banheiros1vaga69m²
323,R$ 320.000,Casa Amarela,"2quartos1suíte1banheiro 1vaga52,12m²"
324,R$ 320.000,Pina,1quarto1banheiro 1vaga45m²
325,R$ 320.000,Casa Amarela,2quartos1banheiro 1vaga48m²
326,R$ 320.000,Torre,2quartos1suíte3banheiros1vaga90m²
327,R$ 320.000,Madalena,3quartos1suíte3banheiros1vaga67m²
328,R$ 320.000,Campo Grande,3quartos1suíte2banheiros1vaga65m²
329,R$ 320.000,Madalena,2quartos1suíte2banheiros1vaga52m²
330,R$ 320.000,Boa Viagem,3quartos1suíte2banheiros1vaga73m²
331,R$ 320.000,Rosarinho,2quartos2banheiros1vaga60m²
332,R$ 320.000,Casa Forte,2quartos1suíte1banheiro 1vaga55m²
333,R$ 320.000,Apipucos,2quartos1suíte2banheiros1vaga58m²
334,R$ 320.000,Boa Viagem,"3quartos1suíte1banheiro 1vaga127,87m²"
335,R$ 320.000,Cordeiro,2quartos1suíte2banheiros1vaga62m²
336,R$ 320.000,Casa Amarela,"3quartos1suíte1banheiro 1vaga66,85m²"
337,R$ 320.000,Boa Viagem,"3quartos1suíte1banheiro 1vaga117,63m²"
338,R$ 320.000,Aflitos,2quartos1suíte3banheiros2vagas90m²
339,R$ 320.000,Graças,"3quartos1suíte1banheiro 1vaga80,44m²"
340,R$ 320.000,Tamarineira,2quartos1suíte4banheiros75m²
341,R$ 320.000R$ 1.500/mês,Boa Viagem,"2quartos1banheiro 1vaga44,68m²"
342,R$ 321.110,Casa Amarela,"2quartos1suíte1banheiro 1vaga41,70m²"
343,R$ 325.000,Encruzilhada,"3quartos1suíte2banheiros1vaga55,70m²"
344,R$ 325.000,Tamarineira,3quartos1suíte1banheiro 1vaga86m²
345,R$ 325.000,Tamarineira,3quartos1suíte3banheiros1vaga87m²
346,R$ 325.000,Encruzilhada,"2quartos1suíte1banheiro 1vaga57,50m²"
347,R$ 325.000,Encruzilhada,"3quartos1suíte2banheiros1vaga57,50m²"
348,R$ 325.000,Madalena,"2quartos1suíte3banheiros1vaga76,80m²"
349,R$ 325.000,Casa Amarela,"2quartos1suíte2banheiros1vaga47,17m²"
350,R$ 325.000,Madalena,"3quartos1suíte1banheiro 1vaga57,48m²"
351,R$ 327.000,Cordeiro,"3quartos1suíte2banheiros1vaga65,20m²"
352,R$ 329.000,Rosarinho,3quartos1suíte2banheiros1vaga72m²
353,R$ 329.900,Várzea,"2quartos1suíte1banheiro 1vaga53,65m²"
354,R$ 330.000,Boa Viagem,"3quartos1suíte1banheiro 1vaga117,63m²"
355,R$ 330.000,Torre,2quartos1suíte3banheiros1vaga76m²
356,R$ 330.000,Torreão,"3quartos1suíte1banheiro 1vaga62,34m²"
357,R$ 330.000,Torreão,3quartos1suíte2banheiros1vaga63m²
358,R$ 330.000,Cordeiro,3quartos1suíte2banheiros1vaga90m²
359,R$ 330.000,Madalena,2quartos1suíte2banheiros1vaga45m²
360,R$ 330.000,Pina,2quartos1suíte2banheiros1vaga60m²
361,R$ 330.000,Torre,2quartos1suíte1banheiro 1vaga52m²
362,R$ 330.000,Ilha do Retiro,3quartos1suíte2banheiros1vaga61m²
363,R$ 330.000,Casa Forte,2quartos1suíte2banheiros1vaga76m²
364,R$ 330.000,Graças,3quartos1suíte3banheiros95m²
365,R$ 330.000,Rosarinho,2quartos1suíte1banheiro 1vaga60m²
366,R$ 330.000,Casa Amarela,"2quartos1suíte1banheiro 1vaga58,64m²"
367,R$ 330.000,Cordeiro,"3quartos1suíte2banheiros1vaga65,20m²"
368,R$ 330.000,Imbiribeira,3quartos1suíte2banheiros1vaga90m²
369,R$ 330.000,Espinheiro,4quartos1suíte3banheiros1vaga138m²
370,R$ 330.000,Encruzilhada,"3quartos1suíte2banheiros1vaga60,88m²"
371,R$ 330.000,Madalena,2quartos1suíte2banheiros1vaga63m²
372,R$ 330.000,Madalena,2quartos1suíte2banheiros1vaga63m²
373,R$ 330.000,Encruzilhada,3quartos1suíte2banheiros1vaga65m²
374,R$ 330.000,Casa Forte,2quartos1suíte2banheiros1vaga89m²
375,R$ 330.000,Boa Viagem,"1quarto1suíte1banheiro 1vaga28,80m²"
376,R$ 330.000,Espinheiro,"3quartos1suíte3banheiros2vagas106,50m²"
377,R$ 330.000,Casa Forte,2quartos1suíte2banheiros2vagas52m²
378,R$ 330.000,Encruzilhada,3quartos1suíte1banheiro 1vaga62m²
379,R$ 330.000,Cordeiro,2quartos1suíte2banheiros1vaga62m²
380,R$ 330.000,Espinheiro,2quartos1suíte3banheiros2vagas89m²
381,R$ 330.000,Casa Amarela,"2quartos1suíte1banheiro 1vaga56,83m²"
382,R$ 330.000,Boa Viagem,2quartos1suíte1banheiro 1vaga47m²
383,R$ 330.000,Casa Amarela,3quartos1suíte3banheiros1vaga120m²
384,R$ 330.000R$ 1.318/mês,Boa Viagem,3quartos1suíte2banheiros1vaga67m²
385,R$ 330.000R$ 2.800/mês,Graças,3quartos1suíte3banheiros2vagas78m²
386,R$ 332.137,São José,"1quarto1suíte1banheiro 1vaga39,55m²"
387,R$ 334.000,Soledade,2quartos1banheiro 1vaga42m²
388,R$ 335.000,Imbiribeira,"3quartos2banheiros1vaga63,06m²"
389,R$ 335.000,Boa Viagem,2quartos2banheiros1vaga50m²
390,R$ 335.000,Graças,2quartos1suíte2banheiros1vaga50m²
391,R$ 335.000,Campo Grande,3quartos1suíte1banheiro 1vaga61m²
392,R$ 335.000,Boa Viagem,3quartos2banheiros1vaga76m²
393,R$ 335.000,Casa Amarela,"2quartos1suíte2banheiros1vaga47,17m²"
394,R$ 336.000,Espinheiro,"2quartos1suíte1banheiro 1vaga51,65m²"
395,R$ 336.000,Encruzilhada,"2quartos1suíte2banheiros1vaga51,65m²"
396,R$ 337.900,Várzea,"2quartos1suíte1banheiro 1vaga53,65m²"
397,R$ 338.000,Campo Grande,"3quartos1suíte3banheiros2vagas79,20m²"
398,R$ 338.000R$ 1.280/mês,Jaqueira,2quartos1suíte2banheiros1vaga48m²
399,R$ 339.000,Soledade,"2quartos1banheiro 1vaga46,24m²"
400,R$ 339.000,Prado,3quartos1suíte2banheiros1vaga58m²
401,R$ 340.000,Graças,3quartos1suíte3banheiros1vaga95m²
402,R$ 340.000,Casa Forte,2quartos2banheiros1vaga61m²
403,R$ 340.000,Boa Viagem,3quartos1suíte2banheiros1vaga110m²
404,R$ 340.000,Torre,2quartos1suíte1banheiro 1vaga52m²
405,R$ 340.000,Encruzilhada,"2quartos1suíte1banheiro 1vaga55,32m²"
406,R$ 340.000,Espinheiro,3quartos1suíte1banheiro 1vaga110m²
407,R$ 340.000,Graças,"3quartos1suíte1banheiro 1vaga149,15m²"
408,R$ 340.000,Graças,3quartos1suíte3banheiros2vagas96m²
409,R$ 340.000,Várzea,"3quartos1suíte2banheiros1vaga62,17m²"
410,R$ 340.000,Casa Forte,2quartos1suíte2banheiros1vaga51m²
411,R$ 342.000,Boa Viagem,2quartos1suíte2banheiros1vaga52m²
412,R$ 345.000,Encruzilhada,"3quartos1suíte1banheiro 1vaga58,93m²"
413,R$ 345.000,Encruzilhada,"3quartos1suíte1banheiro 1vaga59,87m²"
414,R$ 349.000,Encruzilhada,3quartos1suíte2banheiros1vaga59m²
415,R$ 349.000,Encruzilhada,3quartos1suíte2banheiros1vaga59m²
416,R$ 349.990,Torre,3quartos1suíte2banheiros1vaga67m²
417,R$ 349.990,Madalena,3quartos1suíte2banheiros1vaga70m²
418,R$ 349.990,Espinheiro,2quartos2banheiros1vaga87m²
419,R$ 349.990,Madalena,3quartos1suíte2banheiros1vaga70m²
420,R$ 350.000,Madalena,"3quartos1suíte1banheiro 1vaga65,90m²"
421,R$ 350.000,Boa Viagem,2quartos1banheiro 1vaga109m²
422,R$ 350.000,Madalena,2quartos1suíte1banheiro 1vaga68m²
423,R$ 350.000,Boa Viagem,"3quartos1suíte1banheiro 1vaga68,75m²"
424,R$ 350.000,Casa Amarela,3quartos1suíte1banheiro 1vaga74m²
425,R$ 350.000,Tamarineira,3quartos1suíte1banheiro 1vaga56m²
426,R$ 350.000,Tamarineira,3quartos1suíte1banheiro 1vaga56m²
427,R$ 350.000,Madalena,2quartos1suíte2banheiros1vaga54m²
428,R$ 350.000,Torre,2quartos1suíte2banheiros1vaga45m²
429,R$ 350.000,Encruzilhada,3quartos1suíte2banheiros1vaga106m²
430,R$ 350.000,Tamarineira,3quartos1suíte1banheiro 1vaga56m²
431,R$ 350.000,Torre,2quartos1suíte2banheiros1vaga43m²
432,R$ 350.000,Graças,3quartos1suíte2banheiros100m²
433,R$ 350.000,Boa Viagem,2quartos1suíte1banheiro 2vagas80m²
434,R$ 350.000,Campo Grande,"3quartos1suíte1banheiro 1vaga61,06m²"
435,R$ 350.000,Casa Amarela,3quartos1suíte1banheiro 1vaga61m²
436,R$ 350.000,Encruzilhada,2quartos1suíte2banheiros1vaga59m²
437,R$ 350.000,Boa Vista,2quartos2banheiros105m²
438,R$ 350.000,Boa Viagem,3quartos2suítes1banheiro 1vaga100m²
439,R$ 350.000,Espinheiro,3quartos1suíte1banheiro 1vaga96m²
440,R$ 350.000,Casa Forte,"2quartos1suíte2banheiros1vaga50,83m²"
441,R$ 350.000,Espinheiro,3quartos1suíte1banheiro 1vaga131m²
442,R$ 350.000,Boa Viagem,3quartos2banheiros1vaga100m²
443,R$ 350.000,Torre,"3quartos1suíte3banheiros1vaga74,06m²"
444,R$ 350.000,Torre,"3quartos1suíte3banheiros1vaga74,06m²"
445,R$ 350.000,Casa Forte,2quartos1suíte1banheiro 55m²
446,R$ 350.000R$ 1.200/mês,Madalena,3quartos1suíte3banheiros1vaga110m²
447,R$ 350.000Preço de locaçãoSob consulta,Boa Viagem,2quartos1suíte1banheiro 1vaga52m²
448,R$ 353.000,Madalena,2quartos1suíte1banheiro 1vaga46m²
449,R$ 355.000,Casa Amarela,"2quartos1suíte2banheiros58,87m²"
450,R$ 356.500,Encruzilhada,"2quartos1suíte1banheiro 1vaga57,50m²"
451,R$ 357.990,Cordeiro,"3quartos1suíte2banheiros1vaga65,20m²"
452,R$ 358.000,Cordeiro,"3quartos1suíte2banheiros1vaga65,20m²"
453,R$ 360.000,Torre,3quartos1suíte3banheiros1vaga72m²
454,R$ 360.000,Casa Forte,3quartos2banheiros1vaga92m²
455,R$ 360.000,Torre,3quartos1suíte1banheiro 1vaga63m²
456,R$ 360.000,Parnamirim,2quartos1suíte2banheiros1vaga63m²
457,R$ 360.000,Arruda,"3quartos1suíte1banheiro 1vaga57,85m²"
458,R$ 360.000,Madalena,3quartos1suíte1banheiro 1vaga65m²
459,R$ 360.000,Madalena,"3quartos1suíte2banheiros1vaga51,35m²"
460,R$ 360.000,Rosarinho,3quartos1suíte3banheiros1vaga80m²
461,R$ 360.000,Casa Amarela,"3quartos1suíte1banheiro 1vaga61,08m²"
462,R$ 360.000,Rosarinho,2quartos1suíte1banheiro 1vaga64m²
463,R$ 360.000,Tamarineira,3quartos1suíte3banheiros1vaga73m²
464,R$ 360.000,Madalena,3quartos1suíte1banheiro 2vagas92m²
465,R$ 360.000,Rosarinho,2quartos1suíte1banheiro 1vaga61m²
466,R$ 360.000,Rosarinho,3quartos2banheiros74m²
467,R$ 360.000,Casa Amarela,3quartos1suíte1banheiro 1vaga67m²
468,R$ 360.000,Aflitos,3quartos1suíte2banheiros2vagas144m²
469,R$ 360.000,Encruzilhada,2quartos1suíte2banheiros1vaga54m²
470,Preço de vendaSob consultaR$ 2.000/mês,Pina,2quartos1suíte1banheiro 1vaga60m²
471,R$ 360.000Preço de locaçãoSob consulta,Aflitos,4quartos4suítes3banheiros1vaga96m²
472,R$ 362.454,Casa Amarela,2quartos1suíte2banheiros1vaga50m²
473,R$ 362.916,Boa Viagem,"3quartos1suíte2banheiros1vaga59,30m²"
474,R$ 364.000,Imbiribeira,2quartos1suíte3banheiros1vaga67m²
475,R$ 365.000,Caxangá,3quartos1suíte1banheiro 2vagas85m²
476,R$ 365.000,Madalena,3quartos1suíte1banheiro 1vaga65m²
477,R$ 365.000,Casa Amarela,3quartos1suíte2banheiros1vaga70m²
478,R$ 365.000,Casa Amarela,3quartos1suíte2banheiros1vaga74m²
479,R$ 365.000,Espinheiro,2quartos1suíte3banheiros1vaga90m²
480,R$ 365.000,Arruda,3quartos1suíte2banheiros1vaga74m²
481,R$ 365.000,Encruzilhada,2quartos1suíte2banheiros1vaga54m²
482,R$ 367.000,Ilha do Retiro,"3quartos1suíte1vaga58,80m²"
483,R$ 367.000,Graças,2quartos1suíte2banheiros1vaga50m²
484,R$ 367.000,Encruzilhada,3quartos1suíte2banheiros1vaga62m²
485,R$ 369.000,Encruzilhada,3quartos1suíte2banheiros1vaga59m²
486,R$ 369.500,Ilha do Retiro,"3quartos1suíte2banheiros1vaga58,80m²"
487,R$ 369.762,Espinheiro,"1quarto1banheiro 37,17m²"
488,R$ 370.000,Madalena,3quartos1suíte2banheiros1vaga67m²
489,R$ 370.000,Graças,3quartos1suíte2banheiros1vaga110m²
490,R$ 370.000,Espinheiro,3quartos1suíte3banheiros1vaga80m²
491,R$ 370.000,Torre,3quartos1suíte3banheiros2vagas90m²
492,R$ 370.000,Boa Viagem,"3quartos1suíte3banheiros1vaga129,20m²"
493,R$ 370.000,Torre,2quartos1suíte1banheiro 1vaga52m²
494,R$ 370.000,Madalena,3quartos1suíte3banheiros1vaga133m²
495,R$ 370.000,Madalena,3quartos1suíte3banheiros1vaga92m²
496,R$ 370.000,Torre,3quartos2banheiros1vaga91m²
497,R$ 370.000,Madalena,3quartos1suíte2banheiros1vaga71m²
498,R$ 370.000,Boa Viagem,3quartos1suíte3banheiros2vagas93m²
499,R$ 370.000,Madalena,3quartos2banheiros1vaga91m²
500,R$ 370.000,Boa Viagem,3quartos1suíte2banheiros1vaga132m²
501,R$ 370.000,Graças,4quartos1suíte3banheiros1vaga198m²
502,R$ 370.000R$ 1.400/mês,Graças,3quartos1suíte2banheiros1vaga80m²
503,R$ 370.000R$ 2.000/mês,Aflitos,3quartos2banheiros1vaga70m²
504,R$ 375.000,Boa Viagem,"3quartos2banheiros1vaga68,75m²"
505,R$ 375.000,Encruzilhada,"3quartos1suíte1banheiro 1vaga59,87m²"
506,R$ 375.000,Encruzilhada,"3quartos1suíte1banheiro 1vaga58,93m²"
507,R$ 375.000,Torre,"3quartos1suíte1banheiro 1vaga63,49m²"
508,R$ 375.000,Madalena,2quartos1suíte3banheiros1vaga65m²
509,R$ 375.000,Tamarineira,3quartos1suíte2banheiros1vaga62m²
510,R$ 376.058,Casa Amarela,2quartos1suíte1banheiro 1vaga50m²
511,R$ 376.750,Encruzilhada,"2quartos1suíte2banheiros1vaga59,41m²"
512,R$ 377.990,Santo Amaro,"2quartos1suíte2banheiros1vaga46,48m²"
513,R$ 378.000,Madalena,3quartos1suíte3banheiros1vaga65m²
514,R$ 378.000,Aflitos,"3quartos1suíte1banheiro 1vaga114,15m²"
515,R$ 379.000,Cordeiro,"3quartos1suíte2banheiros1vaga61,60m²"
516,R$ 379.000,Cordeiro,"3quartos1suíte2banheiros1vaga61,50m²"
517,R$ 379.000,Campo Grande,3quartos1suíte2banheiros1vaga65m²
518,R$ 380.000,Torre,"3quartos1suíte2banheiros2vagas88,26m²"
519,R$ 380.000,Torre,3quartos1suíte1banheiro 2vagas55m²
520,R$ 380.000,Ilha do Leite,3quartos1suíte2banheiros2vagas150m²
521,R$ 380.000,Encruzilhada,2quartos1suíte2banheiros1vaga50m²
522,R$ 380.000,Boa Viagem,3quartos1suíte3banheiros1vaga110m²
523,R$ 380.000,Caxangá,"2quartos1suíte1banheiro 1vaga52,53m²"
524,R$ 380.000,Espinheiro,3quartos1suíte3banheiros2vagas125m²
525,R$ 380.000,Madalena,2quartos1suíte1banheiro 1vaga45m²
526,R$ 380.000,Casa Forte,3quartos1suíte2banheiros1vaga75m²
527,R$ 380.000,Pina,3quartos3banheiros1vaga70m²
528,R$ 380.000,Casa Forte,3quartos1suíte3banheiros1vaga70m²
529,R$ 380.000,Tamarineira,3quartos2suítes3banheiros2vagas73m²
530,R$ 380.000,Tamarineira,3quartos2banheiros1vaga72m²
531,R$ 380.000,Casa Amarela,3quartos1suíte3banheiros2vagas98m²
532,R$ 380.000,Torre,3quartos1suíte1banheiro 2vagas138m²
533,R$ 380.000,Casa Amarela,"3quartos1suíte1banheiro 63,15m²"
534,R$ 380.000,Caxangá,"3quartos1banheiro 1vaga64,28m²"
535,R$ 380.000,Casa Amarela,"3quartos1suíte3banheiros1vaga56,22m²"
536,R$ 380.000,Caxangá,"2quartos1suíte1banheiro 1vaga52,53m²"
537,R$ 380.000,Espinheiro,3quartos1suíte2banheiros1vaga70m²
538,R$ 380.000R$ 2.000/mês,Rosarinho,2quartos1suíte2banheiros1vaga54m²
539,R$ 380.000R$ 2.900/mês,Graças,4quartos1suíte1banheiro 1vaga160m²
540,R$ 384.283,Parnamirim,2quartos1banheiro 1vaga33m²
541,R$ 384.642,Santo Amaro,2quartos1suíte1banheiro 1vaga57m²
542,R$ 384.642,Santo Amaro,"2quartos1suíte1banheiro 1vaga57,48m²"
543,R$ 384.642,Santo Amaro,"2quartos1suíte2banheiros1vaga57,39m²"
544,R$ 385.000,Tamarineira,2quartos1suíte2banheiros2vagas50m²
545,R$ 385.000,Rosarinho,3quartos1suíte3banheiros2vagas86m²
546,R$ 385.000,Madalena,2quartos3banheiros1vaga70m²
547,R$ 385.000,Torre,"3quartos1suíte1banheiro 1vaga63,49m²"
548,R$ 386.000,Boa Viagem,3quartos1suíte3banheiros1vaga59m²
549,R$ 388.460,Parnamirim,"1quarto1banheiro 1vaga32,92m²"
550,R$ 389.000,Encruzilhada,"2quartos1suíte1banheiro 1vaga57,50m²"
551,R$ 390.000,Aflitos,3quartos1suíte3banheiros2vagas98m²
552,R$ 390.000,Aflitos,3quartos1suíte3banheiros1vaga120m²
553,R$ 390.000,Torreão,"3quartos1suíte1banheiro 1vaga63,87m²"
554,R$ 390.000,São José,1quarto1banheiro 1vaga40m²
555,R$ 390.000,Casa Amarela,3quartos1suíte1banheiro 1vaga87m²
556,R$ 390.000,São José,1quarto1banheiro 1vaga38m²
557,R$ 390.000,São José,1quarto1banheiro 1vaga40m²
558,R$ 390.000R$ 1.050/mês,Casa Forte,2quartos1suíte3banheiros1vaga80m²
559,R$ 392.622,Parnamirim,"1quarto1banheiro 1vaga34,10m²"
560,R$ 393.000,Torreão,"2quartos1suíte2banheiros1vaga55,47m²"
561,R$ 395.000,Casa Amarela,3quartos3banheiros1vaga61m²
562,R$ 395.000,Encruzilhada,2quartos1suíte2banheiros1vaga60m²
563,R$ 396.000,Iputinga,3quartos1suíte2banheiros2vagas70m²
564,R$ 396.773,Boa Viagem,1quarto1banheiro 53m²
565,R$ 397.084,Parnamirim,1quarto1banheiro 1vaga34m²
566,R$ 398.057,Parnamirim,2quartos1banheiro 1vaga34m²
567,R$ 399.000,Casa Amarela,"3quartos1suíte2banheiros1vaga67,07m²"
568,R$ 399.000,Casa Amarela,3quartos1suíte1banheiro 2vagas67m²
569,R$ 399.000,Pina,"3quartos1suíte1banheiro 1vaga67,40m²"
570,R$ 400.000,Torre,3quartos1suíte2banheiros2vagas138m²
571,R$ 400.000,Encruzilhada,"3quartos1suíte2banheiros1vaga61,50m²"
572,R$ 400.000,Madalena,3quartos2banheiros1vaga93m²
573,R$ 400.000,Boa Viagem,3quartos1suíte3banheiros1vaga80m²
574,R$ 400.000,Casa Amarela,3quartos2suítes3banheiros2vagas158m²
575,R$ 400.000,Aflitos,2quartos1suíte3banheiros1vaga74m²
576,R$ 400.000,Aflitos,2quartos1suíte3banheiros1vaga74m²
577,R$ 400.000,Torre,3quartos1suíte2banheiros1vaga100m²
578,R$ 400.000,Boa Viagem,2quartos1suíte1banheiro 1vaga36m²
579,R$ 400.000,Casa Amarela,3quartos1suíte3banheiros1vaga71m²
580,R$ 400.000,Espinheiro,3quartos1suíte2banheiros3vagas150m²
581,R$ 400.000,Espinheiro,3quartos1suíte3banheiros1vaga60m²
582,R$ 400.000,Encruzilhada,"3quartos1suíte1banheiro 1vaga64,40m²"
583,R$ 400.000,Casa Amarela,2quartos1suíte3banheiros1vaga78m²
584,R$ 400.000,Casa Amarela,3quartos1suíte2banheiros1vaga70m²
585,R$ 400.000,Torreão,"2quartos2banheiros1vaga56,58m²"
586,R$ 400.000,Aflitos,3quartos1suíte3banheiros1vaga115m²
587,R$ 400.000,Pina,3quartos1suíte1banheiro 1vaga65m²
588,R$ 400.000,Espinheiro,4quartos1suíte1banheiro 1vaga131m²
589,R$ 400.000,Casa Amarela,3quartos1suíte1banheiro 1vaga70m²
590,R$ 400.000,Madalena,3quartos1suíte2banheiros1vaga85m²
591,R$ 400.000R$ 1.450,Torre,3quartos1suíte3banheiros2vagas86m²
592,R$ 405.000,Espinheiro,"3quartos1suíte3banheiros1vaga122,96m²"
593,R$ 407.000,Espinheiro,"2quartos1suíte2banheiros1vaga54,19m²"
594,R$ 408.000,Imbiribeira,2quartos1suíte3banheiros1vaga67m²
595,R$ 410.000,Madalena,3quartos3banheiros1vaga75m²
596,R$ 410.000,Encruzilhada,3quartos1suíte1banheiro 1vaga65m²
597,R$ 410.000,Boa Viagem,2quartos2banheiros1vaga65m²
598,R$ 410.000,Torre,2quartos1suíte2banheiros1vaga52m²
599,R$ 410.000,Torreão,"3quartos1suíte2banheiros1vaga64,72m²"
600,R$ 410.000,Boa Viagem,3quartos1suíte2banheiros1vaga115m²
601,R$ 414.920,Boa Viagem,"2quartos1suíte1banheiro 1vaga50,60m²"
602,R$ 415.000,Boa Viagem,1quarto1banheiro 1vaga41m²
603,R$ 415.000,Rosarinho,3quartos1banheiro 2vagas147m²
604,R$ 415.000,Boa Viagem,1quarto1banheiro 1vaga41m²
605,R$ 415.000,Torre,3quartos1suíte1banheiro 1vaga80m²
606,R$ 415.000,Espinheiro,3quartos2suítes3banheiros1vaga78m²
607,R$ 415.000,Encruzilhada,"3quartos1suíte1banheiro 1vaga59,87m²"
608,R$ 418.000,Santo Amaro,2quartos1suíte1banheiro 1vaga57m²
609,R$ 420.000,Boa Viagem,1quarto1banheiro 1vaga41m²
610,R$ 420.000,Boa Viagem,"3quartos1suíte2banheiros1vaga67,32m²"
611,R$ 420.000,Pina,3quartos1suíte2banheiros1vaga72m²
612,R$ 420.000,Boa Viagem,3quartos1suíte2banheiros1vaga120m²
613,R$ 420.000,Torre,3quartos1suíte3banheiros2vagas63m²
614,R$ 420.000,Boa Viagem,2quartos1suíte2banheiros1vaga53m²
615,R$ 420.000,Graças,"2quartos1suíte2banheiros2vagas48,88m²"
616,R$ 420.000,Encruzilhada,"3quartos1suíte3banheiros1vaga75,64m²"
617,R$ 420.000,Boa Viagem,3quartos1suíte1banheiro 1vaga64m²
618,R$ 420.000,Espinheiro,3quartos1suíte3banheiros2vagas80m²
619,R$ 420.000,Parnamirim,3quartos1suíte3banheiros1vaga104m²
620,R$ 420.000,Encruzilhada,"3quartos1suíte3banheiros2vagas75,64m²"
621,R$ 420.000,Ilha do Retiro,3quartos1suíte3banheiros1vaga120m²
622,R$ 420.000,Casa Amarela,3quartos1suíte3banheiros1vaga72m²
623,R$ 420.000,Campo Grande,3quartos1suíte3banheiros2vagas126m²
624,R$ 420.000,Espinheiro,3quartos1suíte3banheiros1vaga61m²
625,R$ 420.000R$ 2.100/mês,Aflitos,"3quartos1suíte3banheiros1vaga118,50m²"
626,Preço de vendaSob consultaR$ 2.200/mês,Espinheiro,3quartos1suíte3banheiros2vagas135m²
627,R$ 425.000,Boa Vista,"3quartos1suíte3banheiros1vaga150,22m²"
628,R$ 425.000,Madalena,4quartos2suítes5banheiros2vagas177m²
629,R$ 425.000,Espinheiro,3quartos2suítes3banheiros1vaga80m²
630,R$ 427.000,Espinheiro,"3quartos1suíte1banheiro 1vaga65,40m²"
631,R$ 427.000,Poço,2quartos1suíte2banheiros1vaga85m²
632,R$ 427.000,Encruzilhada,"3quartos1suíte2banheiros1vaga65,40m²"
633,R$ 429.000,Casa Amarela,3quartos1suíte3banheiros1vaga74m²
634,R$ 430.000,Boa Viagem,"2quartos1suíte1banheiro 1vaga50,74m²"
635,R$ 430.000,Casa Forte,3quartos1suíte3banheiros2vagas80m²
636,R$ 430.000,Parnamirim,3quartos1suíte3banheiros2vagas100m²
637,R$ 430.000,Parnamirim,3quartos1suíte3banheiros1vaga105m²
638,R$ 430.000,Encruzilhada,2quartos1suíte1banheiro 54m²
639,R$ 430.000,Boa Viagem,2quartos1suíte1banheiro 1vaga39m²
640,R$ 430.000,Encruzilhada,3quartos1suíte1banheiro 1vaga64m²
641,R$ 430.000,Encruzilhada,3quartos1suíte1banheiro 2vagas62m²
642,R$ 430.000,Aflitos,"2quartos1suíte1banheiro 1vaga32,16m²"
643,R$ 430.000,Campo Grande,"2quartos1suíte2banheiros1vaga61,06m²"
644,R$ 430.000,Espinheiro,"3quartos1suíte3banheiros1vaga132,75m²"
645,R$ 430.000R$ 1.100/mês,Casa Amarela,2quartos1suíte1banheiro 83m²
646,R$ 435.000,Aflitos,3quartos1suíte3banheiros2vagas125m²
647,R$ 438.000,Parnamirim,3quartos1suíte3banheiros1vaga125m²
648,R$ 439.000,Pina,"3quartos1suíte1banheiro 1vaga68,75m²"
649,R$ 440.000,Parnamirim,3quartos1suíte3banheiros1vaga125m²
650,R$ 440.000,Encruzilhada,3quartos1suíte2banheiros2vagas81m²
651,R$ 440.000,Encruzilhada,3quartos1suíte3banheiros2vagas81m²
652,R$ 440.000,Boa Viagem,3quartos1suíte1banheiro 1vaga97m²
653,R$ 440.000,Casa Amarela,3quartos1suíte3banheiros1vaga90m²
654,R$ 440.000,Rosarinho,2quartos1suíte2banheiros2vagas74m²
655,R$ 440.000,Casa Forte,2quartos1suíte2banheiros1vaga72m²
656,R$ 440.000,Boa Vista,4quartos1suíte3banheiros1vaga151m²
657,R$ 440.000,Boa Viagem,3quartos1suíte2banheiros1vaga120m²
658,R$ 440.000R$ 1.100/mês,Boa Viagem,3quartos1suíte1banheiro 1vaga97m²
659,R$ 441.000,Madalena,2quartos1suíte3banheiros2vagas60m²
660,R$ 445.000,Torreão,"2quartos1suíte1banheiro 56,58m²"
661,R$ 445.000,Pina,3quartos1suíte1banheiro 1vaga74m²
662,R$ 445.000,Aflitos,3quartos1suíte3banheiros2vagas125m²
663,R$ 449.000,Rosarinho,3quartos1suíte3banheiros2vagas73m²
664,R$ 450.000,Graças,3quartos1suíte3banheiros1vaga120m²
665,R$ 450.000,Torreão,3quartos1suíte3banheiros2vagas105m²
666,R$ 450.000,Espinheiro,3quartos1suíte3banheiros2vagas100m²
667,R$ 450.000,Casa Forte,3quartos1suíte3banheiros1vaga139m²
668,R$ 450.000,Boa Viagem,1quarto1suíte1banheiro 1vaga40m²
669,R$ 450.000,Casa Amarela,3quartos1suíte2banheiros1vaga88m²
670,R$ 450.000,Ilha do Leite,2quartos1suíte2banheiros1vaga54m²
671,R$ 450.000,Casa Amarela,"3quartos1suíte1banheiro 1vaga79,85m²"
672,R$ 450.000,Ilha do Leite,1quarto1banheiro 1vaga40m²
673,R$ 450.000,Encruzilhada,2quartos1suíte1banheiro 1vaga58m²
674,R$ 450.000,Madalena,3quartos1suíte3banheiros1vaga79m²
675,R$ 450.000,Parnamirim,3quartos1suíte2banheiros1vaga120m²
676,R$ 450.000,Casa Forte,3quartos1suíte3banheiros2vagas80m²
677,R$ 450.000,Boa Viagem,"1quarto1suíte1banheiro 1vaga34,61m²"
678,R$ 450.000,Boa Viagem,2quartos1suíte1banheiro 1vaga46m²
679,R$ 450.000,Boa Viagem,3quartos1suíte1banheiro 1vaga103m²
680,R$ 450.000,Espinheiro,3quartos1suíte3banheiros2vagas105m²
681,R$ 450.000,Madalena,3quartos1suíte3banheiros1vaga92m²
682,R$ 450.000,Boa Viagem,1quarto1suíte1banheiro 1vaga40m²
683,R$ 450.000,Caxangá,"3quartos1suíte1banheiro 1vaga64,28m²"
684,R$ 450.000,Boa Viagem,3quartos1suíte3banheiros3vagas155m²
685,R$ 450.000,Aflitos,2quartos1suíte1banheiro 1vaga52m²
686,R$ 450.000,Graças,"3quartos1suíte2banheiros1vaga96,80m²"
687,R$ 450.000R$ 2.400/mês,Boa Viagem,3quartos1suíte1banheiro 2vagas120m²
688,R$ 455.000,Encruzilhada,3quartos1suíte2banheiros1vaga72m²
689,R$ 455.000,Encruzilhada,"3quartos1suíte3banheiros1vaga72,50m²"
690,R$ 455.000,Pina,3quartos1suíte1banheiro 1vaga71m²
691,R$ 455.000,Aflitos,2quartos1suíte1banheiro 1vaga50m²
692,R$ 455.000,Pina,"3quartos1suíte2banheiros1vaga72,39m²"
693,R$ 455.000,Boa Viagem,2quartos1suíte2banheiros1vaga43m²
694,R$ 458.000,Pina,3quartos1suíte1banheiro 1vaga71m²
695,R$ 460.000,Tamarineira,3quartos1suíte3banheiros2vagas85m²
696,R$ 460.000,Boa Viagem,1quarto1banheiro 1vaga41m²
697,R$ 460.000,Casa Forte,3quartos1suíte3banheiros1vaga80m²
698,R$ 460.410,Casa Amarela,"3quartos1suíte1banheiro 2vagas79,85m²"
699,R$ 460.410,Casa Amarela,"3quartos1suíte1banheiro 2vagas79,85m²"
700,R$ 460.410,Casa Amarela,"3quartos1suíte1banheiro 2vagas79,85m²"
701,R$ 468.000,Pina,"3quartos1suíte1banheiro 1vaga68,55m²"
702,R$ 470.000,Boa Viagem,3quartos1suíte3banheiros1vaga116m²
703,R$ 470.000,Tamarineira,3quartos1suíte1banheiro 2vagas81m²
704,R$ 470.000,Tamarineira,3quartos1suíte3banheiros2vagas85m²
705,R$ 470.000,Encruzilhada,"3quartos1suíte2banheiros1vaga69,48m²"
706,R$ 470.000,Aflitos,3quartos1suíte3banheiros2vagas83m²
707,R$ 470.000,Espinheiro,4quartos1suíte3banheiros2vagas180m²
708,R$ 470.000,Madalena,3quartos1suíte3banheiros2vagas92m²
709,R$ 470.000,Madalena,3quartos1suíte1banheiro 1vaga65m²
710,R$ 470.000,Derby,3quartos1suíte3banheiros2vagas85m²
711,R$ 470.000,Casa Amarela,"3quartos1suíte3banheiros2vagas92,28m²"
712,R$ 470.000,Boa Viagem,4quartos3banheiros1vaga158m²
713,R$ 470.000R$ 1.800/mês,Boa Viagem,2quartos1suíte1banheiro 2vagas76m²
714,R$ 470.509,Madalena,2quartos1suíte3banheiros1vaga60m²
715,R$ 472.832,Torreão,"2quartos1suíte1banheiro 1vaga56,58m²"
716,R$ 474.296,Boa Viagem,"1quarto1suíte1banheiro 40,03m²"
717,R$ 475.000,Torre,3quartos1suíte2banheiros2vagas67m²
718,R$ 475.000,Graças,3quartos1suíte3banheiros2vagas84m²
719,R$ 480.000,Boa Viagem,1quarto1suíte1banheiro 1vaga40m²
720,R$ 480.000,Boa Viagem,1quarto1suíte1banheiro 1vaga40m²
721,R$ 480.000,Casa Amarela,3quartos1suíte3banheiros1vaga80m²
722,R$ 480.000,Boa Viagem,"3quartos1suíte1banheiro 2vagas80,51m²"
723,R$ 480.000,Boa Viagem,3quartos1suíte1banheiro 1vaga96m²
724,R$ 480.000,Graças,3quartos1suíte3banheiros2vagas84m²
725,R$ 480.000,Graças,3quartos1suíte3banheiros2vagas84m²
726,R$ 480.000,Pina,3quartos1suíte1banheiro 1vaga71m²
727,R$ 480.000,Boa Viagem,3quartos1suíte1banheiro 1vaga96m²
728,R$ 480.000,Boa Viagem,2quartos1suíte2banheiros1vaga60m²
729,R$ 480.000R$ 2.600/mês,Espinheiro,3quartos1suíte1banheiro 2vagas90m²
730,R$ 481.854,Madalena,3quartos1suíte3banheiros1vaga60m²
731,R$ 485.000,Casa Amarela,3quartos1suíte1banheiro 2vagas87m²
732,R$ 485.000,Casa Amarela,2quartos1suíte1banheiro 2vagas80m²
733,R$ 490.000,Tamarineira,3quartos1suíte3banheiros1vaga103m²
734,R$ 490.000,Boa Viagem,2quartos1suíte2banheiros1vaga68m²
735,R$ 490.000,Encruzilhada,"3quartos1suíte3banheiros1vaga61,45m²"
736,R$ 490.000,Casa Forte,3quartos1suíte3banheiros2vagas81m²
737,R$ 490.000,Madalena,4quartos1suíte1banheiro 2vagas198m²
738,R$ 490.000,Madalena,"3quartos1suíte2banheiros1vaga67,96m²"
739,R$ 490.000,Boa Viagem,3quartos1suíte3banheiros1vaga110m²
740,R$ 490.000R$ 1.500/mês,Torre,3quartos1suíte3banheiros2vagas86m²
741,R$ 494.082,Encruzilhada,2quartos1suíte2banheiros1vaga58m²
742,R$ 496.134,Pina,"2quartos1suíte1banheiro 1vaga54,52m²"
743,R$ 500.000,Graças,3quartos1suíte3banheiros2vagas90m²
744,R$ 500.000,Madalena,3quartos1suíte3banheiros2vagas123m²
745,R$ 500.000,Boa Viagem,"1quarto1suíte1banheiro 1vaga39,17m²"
746,R$ 500.000,Espinheiro,3quartos1suíte3banheiros1vaga150m²
747,R$ 500.000,Torre,3quartos1suíte3banheiros2vagas89m²
748,R$ 500.000,Casa Amarela,3quartos1suíte1banheiro 2vagas77m²
749,R$ 500.000,Espinheiro,"3quartos1suíte1banheiro 2vagas98,11m²"
750,R$ 500.000,Rosarinho,3quartos1suíte3banheiros2vagas84m²
751,R$ 500.000,Pina,2quartos1suíte2banheiros1vaga72m²
752,R$ 500.000Preço de locaçãoSob consulta,Espinheiro,3quartos1suíte2banheiros1vaga129m²
753,R$ 505.000,Casa Amarela,3quartos1suíte3banheiros2vagas84m²
754,Preço de vendaSob consultaR$ 1.700/mês,Boa Viagem,"3quartos1suíte1banheiro 2vagas150,20m²"
755,R$ 512.338,Parnamirim,2quartos1banheiro 1vaga44m²
756,R$ 514.200,Boa Viagem,"3quartos1suíte1banheiro 1vaga77,80m²"
757,R$ 514.990,Casa Amarela,3quartos1suíte3banheiros2vagas82m²
758,R$ 515.000,Derby,3quartos1suíte2banheiros1vaga143m²
759,R$ 520.000,Boa Viagem,2quartos1suíte2banheiros52m²
760,R$ 520.000,Rosarinho,"3quartos1suíte3banheiros2vagas84,13m²"
761,R$ 520.000,Boa Viagem,2quartos1suíte2banheiros52m²
762,R$ 520.000,Graças,3quartos3banheiros2vagas95m²
763,R$ 520.000,Madalena,"3quartos1suíte1banheiro 2vagas86,82m²"
764,R$ 524.990,Casa Forte,3quartos1suíte3banheiros2vagas95m²
765,R$ 525.000,Rosarinho,"3quartos1suíte3banheiros2vagas83,55m²"
766,R$ 525.000,Aflitos,"3quartos1suíte1banheiro 1vaga73,64m²"
767,R$ 530.000,Boa Viagem,3quartos1suíte2banheiros1vaga125m²
768,R$ 530.000,Boa Viagem,3quartos1suíte2banheiros1vaga125m²
769,R$ 530.000,Madalena,3quartos3banheiros2vagas80m²
770,R$ 530.000,Encruzilhada,3quartos1suíte3banheiros2vagas86m²
771,R$ 530.000,Boa Viagem,3quartos1suíte3banheiros2vagas112m²
772,R$ 530.000,Madalena,3quartos1suíte3banheiros2vagas80m²
773,R$ 530.000,Cordeiro,3quartos1suíte3banheiros2vagas111m²
774,R$ 530.000,Encruzilhada,3quartos1suíte3banheiros2vagas86m²
775,R$ 530.000,Rosarinho,3quartos2banheiros2vagas84m²
776,R$ 530.000,Boa Viagem,"3quartos1suíte2banheiros2vagas64,73m²"
777,R$ 530.000,Pina,3quartos1suíte2banheiros2vagas84m²
778,R$ 535.000,Boa Viagem,2quartos1suíte3banheiros1vaga56m²
779,R$ 540.000,Boa Viagem,2quartos1suíte2banheiros1vaga44m²
780,R$ 540.000,Rosarinho,3quartos1suíte3banheiros2vagas86m²
781,R$ 540.000,Encruzilhada,"3quartos1suíte2banheiros2vagas72,50m²"
782,R$ 540.000,Boa Viagem,2quartos1suíte2banheiros1vaga56m²
783,R$ 540.000,Torre,"2quartos1suíte3banheiros1vaga63,10m²"
784,R$ 542.000,Boa Viagem,2quartos1suíte2banheiros1vaga59m²
785,R$ 549.653,Rosarinho,"3quartos1suíte1banheiro 2vagas80,50m²"
786,R$ 550.000,Casa Amarela,2quartos1suíte1banheiro 2vagas80m²
787,R$ 550.000,Boa Viagem,"3quartos1suíte2banheiros1vaga100,07m²"
788,R$ 550.000,Madalena,3quartos1suíte3banheiros2vagas94m²
789,R$ 550.000,Tamarineira,"3quartos1suíte1banheiro 2vagas126,65m²"
790,R$ 550.000,Encruzilhada,3quartos1suíte1banheiro 2vagas85m²
791,R$ 550.000,Boa Viagem,3quartos1suíte1banheiro 1vaga112m²
792,R$ 550.000,Madalena,3quartos1suíte3banheiros150m²
793,R$ 550.000,Boa Viagem,1quarto1suíte1banheiro 1vaga38m²
794,R$ 550.000,Espinheiro,4quartos1suíte3banheiros2vagas142m²
795,R$ 550.000,Espinheiro,4quartos1suíte3banheiros2vagas142m²
796,R$ 550.000,Espinheiro,3quartos1suíte1banheiro 2vagas96m²
797,R$ 550.000,Boa Viagem,1quarto1vaga40m²
798,R$ 550.000,Rosarinho,3quartos1suíte3banheiros2vagas112m²
799,R$ 550.000,Rosarinho,"3quartos1suíte2banheiros2vagas86,65m²"
800,R$ 550.000,Espinheiro,3quartos1suíte3banheiros2vagas145m²
801,R$ 550.000,Boa Viagem,1quarto1vaga40m²
802,R$ 550.000,Casa Forte,4quartos1suíte3banheiros2vagas165m²
803,R$ 550.000,Madalena,3quartos1suíte3banheiros2vagas80m²
804,R$ 550.000,Madalena,3quartos1suíte3banheiros80m²
805,R$ 550.000,Boa Viagem,1quarto1suíte1banheiro 2vagas45m²
806,R$ 550.000,Tamarineira,"3quartos1suíte1banheiro 3vagas126,65m²"
807,R$ 550.000,Tamarineira,3quartos1suíte3banheiros1vaga76m²
808,R$ 550.000,Casa Amarela,"3quartos1suíte1banheiro 2vagas81,20m²"
809,R$ 550.000,Espinheiro,3quartos1suíte1banheiro 2vagas96m²
810,R$ 550.000,Casa Amarela,3quartos1suíte1banheiro 2vagas77m²
811,R$ 550.000R$ 1.300/mês,Boa Viagem,3quartos1suíte1banheiro 2vagas152m²
812,R$ 550.000R$ 2.455/mês,Madalena,3quartos1suíte3banheiros2vagas85m²
813,R$ 550.000R$ 2.800/mês,Madalena,"3quartos1suíte1banheiro 2vagas91,55m²"
814,R$ 550.397,Boa Viagem,"2quartos1suíte2banheiros1vaga58,93m²"
815,R$ 551.000,Rosarinho,"3quartos1suíte2banheiros2vagas84,08m²"
816,R$ 553.000,Madalena,"3quartos1suíte2banheiros2vagas87,42m²"
817,R$ 555.000,Pina,3quartos1suíte2banheiros2vagas84m²
818,R$ 559.000,Casa Amarela,3quartos1suíte3banheiros2vagas82m²
819,R$ 560.000,Espinheiro,3quartos1suíte2banheiros2vagas140m²
820,R$ 560.000,Encruzilhada,3quartos1suíte3banheiros2vagas86m²
821,R$ 560.000,Rosarinho,3quartos1suíte3banheiros2vagas86m²
822,R$ 560.580,Rosarinho,"3quartos1suíte2banheiros2vagas80,50m²"
823,R$ 563.710,Boa Viagem,2quartos1suíte2banheiros1vaga44m²
824,R$ 570.000,Casa Amarela,3quartos1suíte3banheiros2vagas110m²
825,R$ 570.000,Rosarinho,"3quartos1suíte3banheiros2vagas84,08m²"
826,R$ 570.000,Torre,3quartos1suíte3banheiros2vagas88m²
827,R$ 570.000,Boa Viagem,2quartos1suíte3banheiros1vaga90m²
828,R$ 570.000,Madalena,3quartos1suíte3banheiros2vagas135m²
829,R$ 570.000,Graças,3quartos1suíte2banheiros2vagas130m²
830,R$ 570.000,Torre,3quartos1suíte1banheiro 2vagas88m²
831,R$ 573.000,Boa Viagem,"3quartos1suíte1banheiro 2vagas56,42m²"
832,R$ 574.990,Boa Viagem,2quartos1suíte2banheiros2vagas50m²
833,R$ 575.000R$ 2.000/mês,Boa Viagem,3quartos1suíte3banheiros2vagas110m²
834,R$ 576.000,Boa Viagem,3quartos1suíte2banheiros2vagas95m²
835,R$ 579.990,Boa Viagem,2quartos1suíte2banheiros2vagas50m²
836,R$ 580.000,Tamarineira,3quartos1suíte4banheiros2vagas120m²
837,R$ 580.000,Casa Amarela,3quartos1suíte3banheiros2vagas110m²
838,R$ 580.000,Aflitos,3quartos1suíte3banheiros2vagas117m²
839,R$ 580.000,Boa Viagem,4quartos2suítes1banheiro 2vagas122m²
840,R$ 580.000,Espinheiro,"4quartos1suíte3banheiros2vagas170,84m²"
841,R$ 580.000,Casa Amarela,2quartos2suítes1banheiro 2vagas82m²
842,R$ 580.000,Boa Viagem,3quartos1suíte3banheiros2vagas81m²
843,R$ 580.000,Casa Amarela,3quartos1suíte2banheiros2vagas88m²
844,R$ 580.000,Boa Viagem,3quartos1suíte3banheiros1vaga138m²
845,R$ 580.000,Rosarinho,3quartos1suíte1banheiro 2vagas105m²
846,R$ 580.000,Tamarineira,3quartos1suíte3banheiros92m²
847,R$ 580.000R$ 1.900/mês,Parnamirim,4quartos1suíte1banheiro 1vaga156m²
848,R$ 580.000R$ 2.800/mês,Graças,3quartos1suíte1banheiro 2vagas119m²
849,R$ 590.000,Casa Forte,"3quartos1suíte3banheiros2vagas88,65m²"
850,R$ 590.000,Casa Forte,4quartos1suíte2banheiros2vagas136m²
851,R$ 590.000,Rosarinho,3quartos1banheiro 2vagas84m²
852,R$ 590.000,Boa Viagem,3quartos1suíte3banheiros2vagas82m²
853,R$ 590.000,Poço,"3quartos2suítes1banheiro 2vagas112,25m²"
854,R$ 593.362,Rosarinho,3quartos2banheiros2vagas83m²
855,R$ 594.669,Rosarinho,"3quartos1suíte2banheiros1vaga80,50m²"
856,R$ 595.000,Boa Viagem,3quartos1suíte1banheiro 1vaga75m²
857,R$ 598.990,Boa Viagem,3quartos1suíte3banheiros2vagas140m²
858,R$ 600.000,Rosarinho,3quartos1suíte3banheiros2vagas85m²
859,R$ 600.000,Derby,3quartos1suíte2banheiros1vaga130m²
860,R$ 600.000,Torre,3quartos1suíte3banheiros2vagas90m²
861,R$ 600.000,Espinheiro,3quartos1suíte3banheiros1vaga150m²
862,R$ 600.000,Poço da Panela,"3quartos1suíte3banheiros2vagas87,90m²"
863,R$ 600.000,Boa Viagem,4quartos4banheiros2vagas268m²
864,R$ 600.000,Rosarinho,3quartos1suíte3banheiros2vagas112m²
865,R$ 600.000,Madalena,3quartos1suíte2banheiros2vagas99m²
866,R$ 600.000,Boa Viagem,4quartos2suítes2banheiros2vagas120m²
867,R$ 600.000,Boa Viagem,3quartos1suíte2banheiros1vaga90m²
868,R$ 600.000,Aflitos,"3quartos1suíte3banheiros2vagas82,50m²"
869,R$ 600.000,Graças,3quartos1suíte1banheiro 2vagas100m²
870,R$ 600.000,Boa Viagem,3quartos1suíte3banheiros2vagas110m²
871,R$ 600.000R$ 1.053/mês,Espinheiro,4quartos2suítes4banheiros2vagas180m²
872,R$ 600.000R$ 2.900/mês,Torreão,4quartos2suítes4banheiros3vagas345m²
873,R$ 600.000R$ 3.200/mês,Boa Viagem,3quartos1suíte3banheiros1vaga110m²
874,R$ 610.000,Casa Forte,3quartos2suítes4banheiros2vagas105m²
875,R$ 610.000,Rosarinho,3quartos1suíte3banheiros2vagas107m²
876,R$ 610.000,Aflitos,3quartos1suíte3banheiros1vaga74m²
877,R$ 610.000R$ 2.300,Espinheiro,4quartos2suítes4banheiros2vagas163m²
878,R$ 615.000,Graças,3quartos1suíte1banheiro 2vagas106m²
879,R$ 615.000,Madalena,"3quartos1suíte2banheiros2vagas84,85m²"
880,R$ 620.000,Casa Amarela,3quartos2suítes4banheiros2vagas110m²
881,R$ 620.000,Rosarinho,3quartos1suíte3banheiros2vagas105m²
882,R$ 620.000,Tamarineira,4quartos3suítes1banheiro 2vagas122m²
883,R$ 620.000,Rosarinho,3quartos1suíte3banheiros2vagas128m²
884,R$ 620.000R$ 2.300/mês,Boa Viagem,2quartos1suíte2banheiros1vaga75m²
885,R$ 620.000R$ 2.300,Casa Forte,3quartos1suíte2banheiros2vagas110m²
886,R$ 625.000,Casa Forte,3quartos2suítes3banheiros2vagas110m²
887,R$ 630.000,Boa Viagem,3quartos1suíte1banheiro 2vagas176m²
888,R$ 630.000,Espinheiro,4quartos1suíte3banheiros2vagas142m²
889,R$ 630.000,Brejo de Beberibe,4quartos2suítes4banheiros2vagas130m²
890,R$ 630.000,Madalena,3quartos1suíte3banheiros2vagas102m²
891,R$ 630.000,Boa Viagem,3quartos3suítes4banheiros1vaga178m²
892,R$ 630.000,Aflitos,4quartos1suíte3banheiros2vagas173m²
893,R$ 630.000,Espinheiro,3quartos1suíte3banheiros1vaga105m²
894,R$ 630.000,Graças,3quartos1suíte3banheiros2vagas80m²
895,R$ 630.000,Madalena,"3quartos1suíte3banheiros84,85m²"
896,R$ 638.000,Boa Viagem,3quartos1suíte3banheiros1vaga81m²
897,R$ 645.000,Boa Viagem,3quartos1suíte3banheiros2vagas90m²
898,R$ 650.000,Casa Forte,4quartos2suítes4banheiros2vagas120m²
899,R$ 650.000,Aflitos,3quartos1suíte2banheiros2vagas100m²
900,R$ 650.000,Casa Forte,3quartos1suíte3banheiros2vagas128m²
901,R$ 650.000,Parnamirim,4quartos1suíte2banheiros105m²
902,R$ 650.000,Espinheiro,4quartos1suíte1banheiro 2vagas170m²
903,R$ 650.000,Encruzilhada,4quartos1suíte3banheiros2vagas175m²
904,R$ 650.000,Aflitos,3quartos1suíte2banheiros2vagas100m²
905,R$ 650.000,Boa Viagem,4quartos2suítes1banheiro 2vagas120m²
906,R$ 650.000,Casa Amarela,4quartos2suítes1banheiro 2vagas128m²
907,R$ 650.000,Rosarinho,4quartos2suítes4banheiros2vagas132m²
908,R$ 650.000,Casa Forte,3quartos3banheiros1vaga109m²
909,R$ 650.000,Boa Viagem,3quartos1suíte1banheiro 2vagas135m²
910,R$ 650.000,Encruzilhada,3quartos2suítes1banheiro 2vagas134m²
911,R$ 650.000,Casa Amarela,3quartos1suíte3banheiros2vagas107m²
912,R$ 650.000,Boa Viagem,"3quartos1suíte3banheiros1vaga121,75m²"
913,R$ 650.000,Casa Forte,3quartos2suítes4banheiros2vagas118m²
914,R$ 650.000,Boa Viagem,3quartos1suíte3banheiros2vagas155m²
915,R$ 650.000,Rosarinho,4quartos1suíte3banheiros2vagas173m²
916,R$ 650.000R$ 1.500/mês,Boa Viagem,3quartos1suíte1banheiro 2vagas152m²
917,R$ 650.000R$ 1.500/mês,Boa Viagem,3quartos1suíte3banheiros1vaga160m²
918,R$ 650.000R$ 2.800/mês,Santo Amaro,3quartos1suíte3banheiros2vagas80m²
919,R$ 660.000,Casa Amarela,3quartos1suíte1banheiro 2vagas98m²
920,R$ 660.000,Pina,4quartos2suítes2banheiros2vagas105m²
921,R$ 660.000,Casa Forte,3quartos1suíte3banheiros129m²
922,R$ 660.000,Casa Forte,3quartos2suítes4banheiros2vagas109m²
923,R$ 670.000,Parnamirim,3quartos2suítes4banheiros2vagas120m²
924,R$ 670.000R$ 1.700/mês,Espinheiro,3quartos1suíte1banheiro 1vaga108m²
925,R$ 673.402,Rosarinho,"3quartos1suíte2banheiros2vagas83,87m²"
926,R$ 677.637,Madalena,"3quartos1suíte1banheiro 2vagas96,93m²"
927,R$ 680.000,Rosarinho,"3quartos3banheiros2vagas95,81m²"
928,R$ 680.000,Parnamirim,4quartos2suítes3banheiros2vagas128m²
929,R$ 680.000,Tamarineira,4quartos1suíte3banheiros2vagas180m²
930,R$ 680.000,Boa Viagem,3quartos1suíte1banheiro 1vaga120m²
931,R$ 680.000,Rosarinho,3quartos1suíte3banheiros2vagas97m²
932,R$ 680.000R$ 1.800/mês,Tamarineira,4quartos1suíte2banheiros2vagas178m²
933,R$ 690.000,Tamarineira,4quartos3suítes1banheiro 3vagas108m²
934,R$ 690.000,Encruzilhada,4quartos1suíte3banheiros2vagas173m²
935,R$ 691.000,Torre,"3quartos1suíte1banheiro 2vagas96,93m²"
936,R$ 696.902,Madalena,"3quartos1suíte1banheiro 2vagas86,82m²"
937,R$ 700.000,Derby,3quartos1suíte1banheiro 164m²
938,R$ 700.000,Tamarineira,4quartos2suítes1banheiro 2vagas158m²
939,R$ 700.000,Rosarinho,3quartos1suíte2banheiros2vagas90m²
940,R$ 700.000,Casa Forte,4quartos3banheiros2vagas105m²
941,R$ 700.000,Casa Forte,3quartos2suítes1banheiro 2vagas102m²
942,R$ 700.000,Espinheiro,4quartos1suíte3banheiros2vagas143m²
943,R$ 700.000,Casa Forte,4quartos1suíte3banheiros2vagas173m²
944,R$ 700.000,Boa Viagem,3quartos1suíte3banheiros2vagas155m²
945,R$ 700.000,Graças,4quartos1suíte3banheiros2vagas113m²
946,R$ 700.000,Casa Forte,3quartos1suíte1banheiro 2vagas130m²
947,R$ 700.000,Espinheiro,4quartos1suíte3banheiros2vagas143m²
948,R$ 700.000,Rosarinho,4quartos2suítes1banheiro 2vagas105m²
949,R$ 700.000,Espinheiro,4quartos3suítes4banheiros2vagas278m²
950,R$ 700.000,Boa Viagem,3quartos1suíte1banheiro 2vagas100m²
951,R$ 700.000,Casa Forte,3quartos2suítes2banheiros2vagas106m²
952,R$ 700.000Preço de locaçãoSob consulta,Espinheiro,3quartos1suíte2banheiros2vagas152m²
953,R$ 700.000R$ 1.500/ano,Espinheiro,3quartos1suíte2banheiros2vagas152m²
954,R$ 700.000Preço de locaçãoSob consulta,Tamarineira,4quartos1suíte2banheiros2vagas171m²
955,R$ 702.000,Boa Viagem,"3quartos1suíte1banheiro 2vagas92,69m²"
956,R$ 705.000,Boa Viagem,"3quartos1suíte1banheiro 2vagas97,97m²"
957,R$ 710.000,Torre,4quartos3suítes5banheiros2vagas112m²
958,R$ 710.000,Boa Viagem,3quartos1suíte1banheiro 1vaga155m²
959,R$ 710.000,Boa Viagem,4quartos3suítes5banheiros2vagas230m²
960,R$ 715.000,Parnamirim,"3quartos1suíte3banheiros2vagas159,41m²"
961,R$ 720.000,Graças,4quartos2suítes4banheiros2vagas136m²
962,R$ 720.000,Madalena,3quartos1suíte3banheiros2vagas105m²
963,R$ 720.000R$ 3.200/mês,Boa Viagem,"3quartos1banheiro 1vaga150,70m²"
964,R$ 720.000R$ 3.700/mês,Encruzilhada,4quartos2suítes4banheiros2vagas134m²
965,R$ 722.490,Parnamirim,"3quartos1suíte1banheiro 2vagas94,03m²"
966,R$ 723.068,Madalena,"3quartos1suíte1banheiro 2vagas87,42m²"
967,R$ 724.582,Poço,"4quartos3suítes2banheiros2vagas134,90m²"
968,R$ 725.000,Tamarineira,4quartos2suítes1banheiro 2vagas158m²
969,R$ 730.000,Boa Viagem,3quartos1suíte1banheiro 2vagas107m²
970,R$ 730.000,Boa Viagem,3quartos1suíte1banheiro 2vagas107m²
971,R$ 731.990,Madalena,4quartos2suítes4banheiros2vagas168m²
972,R$ 732.000,Madalena,4quartos2suítes4banheiros2vagas168m²
973,R$ 734.000,Rosarinho,3quartos1suíte3banheiros2vagas84m²
974,R$ 736.386,Ilha do Retiro,4quartos3suítes1banheiro 2vagas135m²
975,R$ 736.836,Madalena,4quartos3suítes1banheiro 2vagas135m²
976,R$ 737.176,Torre,4quartos2suítes1banheiro 2vagas123m²
977,R$ 739.671,Torre,4quartos2suítes2banheiros2vagas123m²
978,R$ 740.000,Rosarinho,3quartos1suíte2banheiros2vagas101m²
979,R$ 740.000,Tamarineira,"4quartos2suítes1banheiro 2vagas134,37m²"
980,R$ 740.000,Poço,"4quartos3suítes2banheiros2vagas134,90m²"
981,R$ 740.256,Madalena,"3quartos1suíte1banheiro 2vagas90,09m²"
982,R$ 745.000,Boa Viagem,4quartos3suítes1banheiro 2vagas128m²
983,R$ 750.000,Casa Amarela,3quartos2suítes3banheiros2vagas105m²
984,R$ 750.000,Boa Viagem,3quartos1suíte2banheiros2vagas119m²
985,R$ 750.000,Parnamirim,4quartos2suítes4banheiros2vagas147m²
986,R$ 750.000,Espinheiro,3quartos2suítes4banheiros2vagas145m²
987,R$ 750.000,Rosarinho,3quartos2suítes4banheiros2vagas115m²
988,R$ 750.000,Casa Forte,4quartos2suítes4banheiros2vagas147m²
989,R$ 750.000,Rosarinho,4quartos2suítes3banheiros2vagas120m²
990,R$ 750.000,Espinheiro,4quartos2suítes3banheiros2vagas170m²
991,R$ 750.000,Jaqueira,3quartos1suíte3banheiros2vagas102m²
992,R$ 750.000,Boa Viagem,"4quartos2suítes1banheiro 2vagas136,56m²"
993,R$ 750.000,Torre,3quartos3suítes5banheiros2vagas112m²
994,R$ 750.000,Boa Viagem,2quartos1suíte2banheiros93m²
995,R$ 750.000,Boa Viagem,5quartos2suítes4banheiros2vagas144m²
996,R$ 750.000,Torre,4quartos1suíte3banheiros2vagas106m²
997,R$ 750.000,Boa Viagem,3quartos2suítes4banheiros2vagas170m²
998,R$ 750.000,Boa Viagem,3quartos1suíte2banheiros2vagas119m²
999,R$ 750.000,Madalena,3quartos1suíte3banheiros2vagas92m²
1000,R$ 750.000,Madalena,3quartos1suíte3banheiros2vagas113m²
1001,R$ 750.000,Madalena,4quartos1suíte3banheiros2vagas104m²
1002,R$ 750.000,Casa Forte,3quartos1suíte3banheiros2vagas148m²
1003,R$ 750.000,Boa Viagem,4quartos1suíte3banheiros2vagas220m²
1004,R$ 750.000,Graças,4quartos2suítes1banheiro 3vagas237m²
1005,R$ 750.000R$ 3.500/mês,Encruzilhada,4quartos2suítes3banheiros2vagas134m²
1006,R$ 758.656,Boa Viagem,3quartos1suíte2banheiros2vagas86m²
1007,R$ 759.000,Boa Viagem,3quartos1suíte3banheiros2vagas81m²
1008,R$ 760.000,Boa Viagem,2quartos2banheiros2vagas82m²
1009,R$ 760.000,Boa Viagem,2quartos2banheiros2vagas82m²
1010,R$ 760.000,Graças,4quartos1suíte5banheiros2vagas216m²
1011,R$ 765.031,Rosarinho,3quartos1suíte2banheiros2vagas84m²
1012,R$ 766.000,Boa Viagem,3quartos1suíte3banheiros2vagas86m²
1013,R$ 770.000,Boa Viagem,4quartos1suíte1banheiro 2vagas125m²
1014,R$ 770.000,Boa Viagem,3quartos1suíte3banheiros1vaga150m²
1015,R$ 772.397,Boa Viagem,"4quartos2suítes1banheiro 3vagas124,04m²"
1016,R$ 772.397,Boa Viagem,4quartos2suítes1banheiro 2vagas124m²
1017,R$ 780.000,Jaqueira,3quartos3banheiros2vagas120m²
1018,R$ 780.000,Casa Forte,3quartos2suítes4banheiros2vagas136m²
1019,R$ 780.000,Boa Viagem,3quartos1suíte3banheiros2vagas93m²
1020,R$ 780.000,Graças,3quartos1suíte3banheiros2vagas136m²
1021,R$ 780.000,Boa Viagem,4quartos3suítes1banheiro 2vagas238m²
1022,R$ 780.000,Boa Viagem,4quartos3suítes1banheiro 3vagas125m²
1023,R$ 780.000,Boa Viagem,4quartos1suíte3banheiros2vagas190m²
1024,R$ 781.000,Boa Viagem,"3quartos1suíte1banheiro 2vagas95,95m²"
1025,R$ 790.000,Boa Viagem,3quartos1suíte1banheiro 1vaga109m²
1026,R$ 790.000,Madalena,"3quartos1suíte2banheiros2vagas99,99m²"
1027,R$ 790.000,Graças,4quartos2suítes4banheiros2vagas138m²
1028,R$ 790.000,Poço da Panela,3quartos2suítes2banheiros2vagas108m²
1029,R$ 797.000,Madalena,4quartos1suíte4banheiros2vagas135m²
1030,R$ 800.000,Boa Viagem,"4quartos4suítes4banheiros2vagas124,20m²"
1031,R$ 800.000,Boa Viagem,5quartos4banheiros3vagas380m²
1032,R$ 800.000,Madalena,3quartos1suíte1banheiro 2vagas106m²
1033,R$ 800.000,Boa Viagem,5quartos4banheiros3vagas380m²
1034,R$ 800.000,Boa Viagem,3quartos1suíte1banheiro 3vagas113m²
1035,R$ 800.000,Espinheiro,3quartos1suíte1banheiro 2vagas160m²
1036,R$ 800.000,Derby,4quartos3suítes5banheiros2vagas180m²
1037,R$ 800.000,Graças,4quartos1suíte3banheiros2vagas155m²
1038,R$ 800.000,Boa Viagem,3quartos1suíte3banheiros1vaga130m²
1039,R$ 800.000,Boa Viagem,3quartos1suíte1banheiro 2vagas108m²
1040,R$ 800.000,Torre,"3quartos1suíte1banheiro 2vagas106,50m²"
1041,R$ 800.000R$ 1.800/mês,Graças,5quartos1suíte4banheiros2vagas250m²
1042,R$ 800.000R$ 5.000/mês,Boa Viagem,3quartos1suíte3banheiros1vaga150m²
1043,R$ 801.000,Boa Viagem,3quartos1suíte3banheiros2vagas97m²
1044,R$ 808.820,Santo Amaro,"3quartos3suítes2banheiros2vagas127,23m²"
1045,R$ 815.494,Casa Forte,3quartos1banheiro 2vagas122m²
1046,R$ 815.494,Casa Forte,4quartos4suítes4banheiros3vagas122m²
1047,R$ 820.000,Boa Viagem,4quartos2suítes4banheiros2vagas130m²
1048,R$ 820.000,Boa Viagem,3quartos2suítes3banheiros2vagas82m²
1049,R$ 825.000,Rosarinho,4quartos2suítes1banheiro 2vagas118m²
1050,R$ 830.000,Graças,4quartos2suítes2banheiros2vagas180m²
1051,R$ 830.000,Tamarineira,3quartos3suítes5banheiros3vagas205m²
1052,R$ 830.000,Rosarinho,3quartos2suítes1banheiro 2vagas115m²
1053,R$ 830.000R$ 2.400/mês,Poço,4quartos2suítes1banheiro 2vagas146m²
1054,R$ 833.000,Torre,4quartos3suítes5banheiros2vagas112m²
1055,R$ 840.000,Casa Amarela,4quartos2suítes4banheiros3vagas278m²
1056,R$ 849.935,Madalena,"3quartos1suíte1banheiro 2vagas96,93m²"
1057,R$ 850.000,Jaqueira,4quartos2suítes2banheiros3vagas120m²
1058,R$ 850.000,Boa Viagem,"4quartos2suítes4banheiros2vagas175,80m²"
1059,R$ 850.000,Casa Amarela,3quartos3suítes1banheiro 2vagas130m²
1060,R$ 850.000,Rosarinho,4quartos2suítes2banheiros2vagas135m²
1061,R$ 850.000,Casa Forte,4quartos3suítes1banheiro 3vagas154m²
1062,R$ 850.000,Tamarineira,4quartos2suítes4banheiros2vagas144m²
1063,R$ 850.000,Rosarinho,3quartos1suíte2banheiros2vagas113m²
1064,R$ 850.000,Monteiro,4quartos2suítes4banheiros2vagas227m²
1065,R$ 850.000,Rosarinho,4quartos2suítes4banheiros2vagas135m²
1066,R$ 850.000,Espinheiro,4quartos2suítes4banheiros2vagas113m²
1067,R$ 850.000,Derby,5quartos2suítes4banheiros3vagas364m²
1068,R$ 850.000R$ 2.990/mês,Setúbal,3quartos1suíte3banheiros2vagas145m²
1069,R$ 855.701,Boa Viagem,"4quartos2suítes1banheiro 3vagas124,04m²"
1070,R$ 856.604,Boa Viagem,"3quartos1suíte2banheiros2vagas93,40m²"
1071,R$ 860.000,Graças,4quartos1suíte3banheiros2vagas155m²
1072,R$ 860.000,Graças,4quartos1suíte3banheiros4vagas155m²
1073,R$ 860.000,Ilha do Retiro,4quartos2suítes4banheiros3vagas140m²
1074,R$ 860.927,Ilha do Retiro,4quartos4suítes1banheiro 2vagas130m²
1075,R$ 870.000,Espinheiro,4quartos2suítes2banheiros2vagas114m²
1076,R$ 870.000,Madalena,"3quartos3suítes2banheiros2vagas142,38m²"
1077,R$ 870.000,Santo Amaro,3quartos3suítes5banheiros2vagas126m²
1078,R$ 880.000,Boa Viagem,4quartos1suíte3banheiros2vagas156m²
1079,R$ 880.000,Apipucos,4quartos4suítes1banheiro 3vagas158m²
1080,R$ 890.000,Boa Viagem,1quarto1suíte1banheiro 2vagas80m²
1081,R$ 890.000,Rosarinho,4quartos2suítes1banheiro 3vagas125m²
1082,R$ 890.000,Boa Viagem,3quartos1suíte4banheiros2vagas170m²
1083,R$ 893.000,Boa Viagem,2quartos2banheiros2vagas82m²
1084,R$ 899.990,Boa Viagem,4quartos1suíte2banheiros2vagas212m²
1085,R$ 900.000,Casa Forte,4quartos3suítes5banheiros3vagas155m²
1086,R$ 900.000,Boa Viagem,4quartos2suítes3banheiros2vagas170m²
1087,R$ 900.000,Madalena,4quartos4suítes1banheiro 2vagas165m²
1088,R$ 900.000,Casa Forte,4quartos1suíte4banheiros2vagas248m²
1089,R$ 900.000,Ilha do Retiro,4quartos2suítes1banheiro 3vagas140m²
1090,R$ 900.000,Boa Viagem,3quartos1suíte1banheiro 2vagas98m²
1091,R$ 900.000,Rosarinho,"4quartos3suítes1banheiro 2vagas134,10m²"
1092,R$ 900.000,Casa Forte,4quartos2suítes1banheiro 2vagas120m²
1093,R$ 900.000,Poço,4quartos3suítes1banheiro 2vagas123m²
1094,R$ 900.000Preço de locaçãoSob consulta,Rosarinho,4quartos2suítes5banheiros2vagas145m²
1095,R$ 900.000R$ 3.300/mês,Aflitos,4quartos2suítes4banheiros2vagas145m²
1096,R$ 900.000R$ 3.349/mês,Espinheiro,4quartos2suítes3banheiros2vagas210m²
1097,R$ 906.356,Boa Viagem,4quartos2suítes1banheiro 2vagas124m²
1098,R$ 912.566,Torre,"3quartos1suíte1banheiro 2vagas106,50m²"
1099,R$ 918.000,Boa Viagem,3quartos1suíte2banheiros2vagas99m²
1100,R$ 920.000,Rosarinho,4quartos2suítes1banheiro 3vagas125m²
1101,R$ 920.000,Rosarinho,"4quartos2suítes1banheiro 3vagas125,12m²"
1102,R$ 924.000,Boa Viagem,3quartos1suíte2banheiros2vagas98m²
1103,R$ 940.000,Casa Forte,3quartos4banheiros2vagas123m²
1104,R$ 940.000,Jaqueira,3quartos2suítes1banheiro 2vagas150m²
1105,R$ 950.000,Jaqueira,4quartos2suítes4banheiros2vagas132m²
1106,R$ 950.000,Boa Viagem,4quartos3suítes4banheiros2vagas163m²
1107,R$ 950.000,Jaqueira,4quartos2suítes4banheiros2vagas143m²
1108,R$ 950.000,Parnamirim,4quartos2suítes4banheiros2vagas132m²
1109,R$ 950.000,Casa Amarela,4quartos2suítes4banheiros2vagas132m²
1110,R$ 950.000,Casa Forte,4quartos2suítes4banheiros2vagas132m²
1111,R$ 950.000,Boa Viagem,4quartos2suítes1banheiro 2vagas193m²
1112,R$ 950.000,Rosarinho,4quartos2suítes1banheiro 3vagas125m²
1113,R$ 950.000,Encruzilhada,4quartos2suítes2banheiros2vagas150m²
1114,R$ 950.000,Tamarineira,4quartos2suítes4banheiros2vagas132m²
1115,R$ 950.000,Boa Viagem,4quartos1suíte2banheiros2vagas220m²
1116,R$ 950.000R$ 5.000/mês,Espinheiro,3quartos1suíte5banheiros2vagas210m²
1117,R$ 952.000,Ilha do Retiro,4quartos2suítes4banheiros3vagas140m²
1118,R$ 954.000,Boa Viagem,3quartos1suíte2banheiros2vagas124m²
1119,R$ 960.000,Boa Viagem,4quartos4suítes5banheiros2vagas137m²
1120,R$ 960.000,Poço da Panela,4quartos2suítes2banheiros2vagas150m²
1121,R$ 980.000,Pina,4quartos1suíte4banheiros2vagas220m²
1122,R$ 980.000,Casa Amarela,3quartos3suítes1banheiro 2vagas191m²
1123,R$ 980.000,Casa Amarela,"3quartos3suítes1banheiro 2vagas155,16m²"
1124,R$ 980.000,Graças,4quartos1suíte2banheiros2vagas220m²
1125,R$ 980.000,Pina,4quartos1suíte4banheiros2vagas220m²
1126,R$ 980.000,Monteiro,4quartos3suítes5banheiros2vagas190m²
1127,R$ 980.000,Madalena,4quartos2suítes1banheiro 3vagas223m²
1128,R$ 980.000,Monteiro,3quartos3suítes1banheiro 2vagas191m²
1129,R$ 980.000Preço de locaçãoSob consulta,Encruzilhada,4quartos2suítes1banheiro 3vagas320m²
1130,R$ 990.000,Apipucos,4quartos2suítes1banheiro 2vagas140m²
1131,R$ 990.000,Boa Viagem,"4quartos2suítes4banheiros2vagas146,94m²"
1132,R$ 990.000,Boa Viagem,"5quartos2suítes4banheiros2vagas146,94m²"
1133,R$ 990.000R$ 3.000/mês,Parnamirim,3quartos3suítes3banheiros2vagas177m²
1134,R$ 1.000.000,Madalena,4quartos2suítes1banheiro 3vagas220m²
1135,R$ 1.000.000,Casa Amarela,4quartos2suítes4banheiros3vagas308m²
1136,R$ 1.000.000,Rosarinho,2quartos1suíte4banheiros2vagas218m²
1137,Preço de vendaSob consultaR$ 2.000/mês,Espinheiro,"4quartos2suítes3banheiros2vagas159,20m²"
1138,R$ 1.020.000,Boa Viagem,4quartos2suítes4banheiros136m²
1139,R$ 1.030.000,Boa Viagem,4quartos2suítes5banheiros2vagas137m²
1140,R$ 1.035.000,Boa Vista,4quartos4suítes5banheiros3vagas208m²
1141,R$ 1.035.000,Boa Vista,4quartos4suítes5banheiros3vagas208m²
1142,R$ 1.050.000,Encruzilhada,4quartos4suítes4banheiros2vagas150m²
1143,R$ 1.050.000,Boa Viagem,4quartos2suítes3banheiros3vagas164m²
1144,R$ 1.050.000,Recife,4quartos2suítes4banheiros2vagas132m²
1145,R$ 1.050.000,Espinheiro,4quartos4suítes4banheiros3vagas180m²
1146,R$ 1.050.000,Boa Viagem,"4quartos2suítes3banheiros2vagas146,94m²"
1147,R$ 1.050.000,Boa Viagem,"4quartos2suítes4banheiros2vagas146,94m²"
1148,R$ 1.066.557,Monteiro,4quartos4suítes5banheiros3vagas165m²
1149,R$ 1.066.557,Casa Forte,4quartos4suítes5banheiros3vagas165m²
1150,R$ 1.070.000,Boa Viagem,"3quartos1suíte1banheiro 318,43m²"
1151,R$ 1.070.000,Boa Viagem,"3quartos1suíte1banheiro 318,43m²"
1152,R$ 1.080.000,Boa Viagem,4quartos2suítes4banheiros2vagas128m²
1153,R$ 1.090.000,Pina,4quartos2suítes4banheiros2vagas123m²
1154,R$ 1.093.000,Boa Vista,"3quartos3suítes5banheiros2vagas127,23m²"
1155,R$ 1.100.000,Boa Viagem,"4quartos2suítes3banheiros2vagas146,94m²"
1156,R$ 1.100.000,Pina,4quartos2suítes4banheiros2vagas120m²
1157,R$ 1.100.000,Apipucos,4quartos4suítes1banheiro 3vagas158m²
1158,R$ 1.100.000,Graças,4quartos4suítes5banheiros2vagas158m²
1159,R$ 1.100.000,Boa Viagem,"3quartos1suíte1banheiro 2vagas119,28m²"
1160,R$ 1.100.000,Aflitos,4quartos2suítes34banheiros2vagas200m²
1161,R$ 1.100.000,Espinheiro,4quartos1suíte2banheiros2vagas155m²
1162,R$ 1.100.000,Boa Viagem,4quartos1suíte1banheiro 2vagas200m²
1163,R$ 1.100.000,Casa Amarela,4quartos2suítes1banheiro 2vagas136m²
1164,R$ 1.100.000,Boa Viagem,4quartos4banheiros3vagas250m²
1165,R$ 1.130.000,Madalena,4quartos4suítes5banheiros3vagas153m²
1166,R$ 1.150.000,Graças,4quartos2suítes4banheiros2vagas167m²
1167,R$ 1.150.000,Boa Viagem,1quarto1banheiro 2vagas82m²
1168,R$ 1.150.000,Tamarineira,4quartos2suítes3banheiros3vagas217m²
1169,R$ 1.150.000,Rosarinho,3quartos3suítes5banheiros2vagas150m²
1170,R$ 1.150.000,Casa Forte,4quartos2suítes5banheiros2vagas225m²
1171,R$ 1.159.000,Boa Viagem,4quartos2suítes4banheiros2vagas125m²
1172,R$ 1.159.404,Apipucos,4quartos2suítes5banheiros140m²
1173,R$ 1.160.000,Madalena,4quartos2suítes4banheiros2vagas155m²
1174,R$ 1.180.000,Madalena,4quartos1suíte3banheiros2vagas141m²
1175,R$ 1.180.000,Pina,"4quartos2suítes1banheiro 2vagas120,94m²"
1176,R$ 1.190.000,Boa Viagem,4quartos2suítes4banheiros3vagas218m²
1177,R$ 1.198.000,Boa Viagem,4quartos2suítes5banheiros2vagas137m²
1178,R$ 1.200.000,Apipucos,4quartos4suítes6banheiros3vagas204m²
1179,R$ 1.200.000,Casa Forte,4quartos4suítes5banheiros3vagas204m²
1180,R$ 1.200.000,Boa Viagem,4quartos2suítes4banheiros3vagas196m²
1181,R$ 1.200.000,Poço da Panela,4quartos2suítes1banheiro 2vagas139m²
1182,R$ 1.200.000,Graças,4quartos2suítes4banheiros2vagas167m²
1183,R$ 1.200.000,Boa Viagem,3quartos2suítes4banheiros3vagas158m²
1184,R$ 1.200.000,Rosarinho,3quartos3suítes4banheiros3vagas165m²
1185,R$ 1.200.000,Rosarinho,3quartos3suítes4banheiros3vagas165m²
1186,R$ 1.200.000,Torre,4quartos2suítes4banheiros3vagas185m²
1187,R$ 1.200.000,Pina,4quartos3suítes4banheiros152m²
1188,R$ 1.200.000,Apipucos,4quartos2suítes4banheiros2vagas240m²
1189,R$ 1.200.000,Poço da Panela,4quartos2suítes1banheiro 2vagas139m²
1190,R$ 1.200.000,Tamarineira,4quartos4suítes4banheiros3vagas275m²
1191,R$ 1.200.000,Casa Amarela,4quartos4suítes2banheiros3vagas307m²
1192,R$ 1.200.000,Madalena,4quartos2suítes1banheiro 2vagas141m²
1193,R$ 1.200.000,Casa Forte,4quartos3suítes4banheiros2vagas225m²
1194,R$ 1.200.000R$ 4.000/mês,Boa Viagem,3quartos1suíte1banheiro 2vagas350m²
1195,R$ 1.200.000R$ 4.000/mês,Boa Viagem,3quartos1suíte1banheiro 2vagas350m²
1196,R$ 1.200.679,Santo Amaro,"4quartos4suítes5banheiros3vagas173,50m²"
1197,R$ 1.201.303,Encruzilhada,"4quartos2suítes3banheiros2vagas149,50m²"
1198,R$ 1.210.000,Torre,4quartos4suítes1banheiro 3vagas208m²
1199,R$ 1.215.375,Encruzilhada,"4quartos2suítes3banheiros2vagas149,50m²"
1200,R$ 1.231.000,Boa Viagem,4quartos2suítes1banheiro 2vagas132m²
1201,R$ 1.250.000,Apipucos,4quartos4suítes6banheiros3vagas204m²
1202,R$ 1.250.000,Apipucos,4quartos4suítes5banheiros3vagas204m²
1203,R$ 1.250.000,Apipucos,4quartos4suítes6banheiros4vagas247m²
1204,R$ 1.250.000,Encruzilhada,4quartos2suítes5banheiros3vagas160m²
1205,R$ 1.250.000,Apipucos,4quartos4suítes6banheiros3vagas204m²
1206,R$ 1.250.000,Madalena,4quartos1suíte1banheiro 3vagas297m²
1207,R$ 1.250.000,Apipucos,4quartos4suítes6banheiros3vagas204m²
1208,R$ 1.250.000,Monteiro,4quartos4suítes5banheiros3vagas204m²
1209,R$ 1.250.000,Ilha do Retiro,4quartos4suítes1banheiro 3vagas166m²
1210,R$ 1.256.000,Boa Viagem,4quartos3suítes5banheiros2vagas135m²
1211,R$ 1.259.652,Santo Amaro,4quartos4suítes5banheiros3vagas176m²
1212,R$ 1.263.998,Santo Amaro,4quartos4suítes5banheiros3vagas176m²
1213,R$ 1.280.000,Boa Viagem,4quartos2suítes4banheiros2vagas136m²
1214,R$ 1.290.000,Pina,"3quartos1suíte4banheiros2vagas266,12m²"
1215,R$ 1.290.000,Pina,"3quartos1suíte4banheiros2vagas266,12m²"
1216,R$ 1.290.000,Torre,4quartos4suítes2banheiros3vagas208m²
1217,R$ 1.290.000,Santo Amaro,4quartos4suítes6banheiros3vagas173m²
1218,R$ 1.290.000,Boa Vista,4quartos4suítes5banheiros4vagas174m²
1219,R$ 1.300.000,Casa Forte,4quartos2suítes3banheiros3vagas188m²
1220,R$ 1.300.000,Ilha do Retiro,4quartos3suítes5banheiros3vagas201m²
1221,R$ 1.300.000,Aflitos,4quartos2suítes4banheiros3vagas210m²
1222,R$ 1.300.000,Torre,4quartos4suítes1banheiro 3vagas208m²
1223,R$ 1.300.000R$ 4.000/mês,Ilha do Retiro,4quartos3suítes1banheiro 3vagas225m²
1224,R$ 1.350.000,Apipucos,"4quartos4suítes5banheiros3vagas171,80m²"
1225,R$ 1.350.000,Torre,4quartos4suítes5banheiros3vagas208m²
1226,R$ 1.350.000,Torre,4quartos4suítes6banheiros3vagas208m²
1227,R$ 1.350.000,Casa Forte,4quartos4suítes6banheiros3vagas197m²
1228,R$ 1.350.000,Boa Viagem,4quartos3suítes1banheiro 2vagas172m²
1229,R$ 1.350.000Preço de locaçãoSob consulta,Boa Viagem,4quartos2suítes4banheiros2vagas213m²
1230,R$ 1.380.000,Boa Viagem,4quartos1suíte1banheiro 2vagas236m²
1231,R$ 1.389.150,Pina,"4quartos3suítes5banheiros2vagas152,40m²"
1232,R$ 1.390.000,Boa Viagem,3quartos2suítes1banheiro 2vagas190m²
1233,R$ 1.390.000R$ 3.750/mês,Apipucos,4quartos4suítes5banheiros3vagas204m²
1234,R$ 1.399.281,Boa Viagem,4quartos3suítes5banheiros3vagas163m²
1235,R$ 1.400.000,Monteiro,4quartos3suítes1banheiro 4vagas216m²
